iteration,registry,distance,energy
0,0.0,2.6,-7.002295192544937
0,0.0,2.65,-7.014024590830115
0,0.0,2.6999999999999997,-7.023638488320245
0,0.0,2.7499999999999996,-7.031488577153602
0,0.0,2.7999999999999994,-7.037860861831899
0,0.0,2.849999999999999,-7.042990450168707
0,0.0,2.899999999999999,-7.047072613502432
0,0.0,2.949999999999999,-7.05027098418584
0,0.0,2.9999999999999987,-7.05272365945835
0,0.0,3.0499999999999985,-7.05454780913263
0,0.0,3.0999999999999983,-7.055843220720879
0,0.0,3.149999999999998,-7.056695085382552
0,0.0,3.199999999999998,-7.057176233178215
0,0.0,3.249999999999998,-7.057348960218337
0,0.0,3.2999999999999976,-7.057266545764432
0,0.0,3.3499999999999974,-7.056974527662912
0,0.0,3.3999999999999972,-7.056511784799632
0,0.0,3.449999999999997,-7.05591146214909
0,0.0,3.499999999999997,-7.055201765164482
0,0.0,3.5499999999999967,-7.0544066442079
0,0.0,3.5999999999999965,-7.053546385479232
0,0.0,3.6499999999999964,-7.052638121843132
0,0.0,3.699999999999996,-7.051696274676084
0,0.0,3.749999999999996,-7.050732936106077
0,0.0,3.799999999999996,-7.049758199632239
0,0.0,3.8499999999999956,-7.048780445986167
0,0.0,3.8999999999999955,-7.047806590162107
0,0.0,3.9499999999999953,-7.046842294754092
0,0.0,3.999999999999995,-7.045892154063627
0,0.0,4.049999999999995,-7.044959852860147
0,0.0,4.099999999999994,-7.04404830317223
0,0.0,4.149999999999995,-7.043159762048667
0,0.0,4.199999999999994,-7.042295932845964
0,0.0,4.249999999999995,-7.0414580522646695
0,0.0,4.299999999999994,-7.040646965065335
0,0.0,4.349999999999994,-7.039863188140352
0,0.0,4.399999999999993,-7.039106965395777
0,0.0,4.449999999999994,-7.03837831470376
0,0.0,4.499999999999993,-7.037677068017534
0,0.0,4.549999999999994,-7.037002905594339
0,0.0,4.5999999999999925,-7.036355385144095
0,0.0,4.649999999999993,-7.035733966610942
0,0.0,4.699999999999992,-7.035138033198742
0,0.0,4.749999999999993,-7.0345669091682295
0,0.0,4.799999999999992,-7.034019874861462
0,0.0,4.8499999999999925,-7.03349617934665
0,0.0,4.8999999999999915,-7.032995051022464
0,0.0,4.949999999999992,-7.032515706474112
0,0.0,4.999999999999991,-7.032057357833142
0,0.0,5.049999999999992,-7.03161921885799
0,0.0,5.099999999999991,-7.031200509922172
0,0.0,5.1499999999999915,-7.03080046207099
0,0.0,5.19999999999999,-7.030418320285197
0,0.0,5.249999999999991,-7.030053346070677
0,0.0,5.29999999999999,-7.029704819476522
0,0.0,5.349999999999991,-7.029372040629404
0,0.0,5.39999999999999,-7.029054330859857
0,0.0,5.44999999999999,-7.028751033485217
0,0.0,5.499999999999989,-7.0284615143049045
0,0.0,5.54999999999999,-7.028185161855622
0,0.0,5.599999999999989,-7.02792138746731
0,0.0,5.64999999999999,-7.027669625154775
0,0.0,5.699999999999989,-7.027429331374759
0,0.0,5.749999999999989,-7.027199984673924
0,0.0,5.799999999999988,-7.026981085249407
0,0.0,5.849999999999989,-7.026772154440377
0,0.0,5.899999999999988,-7.026572734166237
0,0.0,5.949999999999989,-7.026382386324674
0,0.0,5.999999999999988,-7.026200692160795
0,0.0,6.049999999999988,-7.026027251616647
0,0.0,6.099999999999987,-7.025861682669092
0,0.0,6.149999999999988,-7.025703620662547
0,0.0,6.199999999999987,-7.025552717642057
0,0.0,6.249999999999988,-7.025408641691202
0,0.0,6.2999999999999865,-7.025271076278474
0,0.0,6.349999999999987,-7.025139719615132
0,0.0,6.399999999999986,-7.025014284026865
0,0.0,6.449999999999987,-7.024894495341164
0,0.0,6.499999999999986,-7.024780092291782
0,0.0,6.5499999999999865,-7.024670825941387
0,0.0,6.599999999999985,-7.02456645912314
0,0.0,6.649999999999986,-7.024466765901675
0,0.0,6.699999999999985,-7.024371531053784
0,0.0,6.749999999999986,-7.024280549568867
0,0.0,6.799999999999985,-7.024193626169125
0,0.0,6.849999999999985,-7.024110574849247
0,0.0,6.899999999999984,-7.024031218435382
0,0.0,6.949999999999985,-7.023955388162972
0,0.0,6.999999999999984,-7.023882923273015
0,0.0,7.049999999999985,-7.023813670626307
0,0.0,7.099999999999984,-7.023747484335097
0,0.0,7.149999999999984,-7.02368422541164
0,0.0,7.199999999999983,-7.023623761433069
0,0.0,7.249999999999984,-7.023565966221992
0,0.0,7.299999999999983,-7.02351071954221
0,0.0,7.349999999999984,-7.023457906809004
0,0.0,7.399999999999983,-7.023407418813377
0,0.0,7.449999999999983,-7.02335915145964
0,0.0,7.499999999999982,-7.023313005515832
0,0.0,7.549999999999983,-7.023268886376372
0,0.0,7.599999999999982,-7.023226703836395
0,0.0,7.649999999999983,-7.023186371877282
0,0.0,7.6999999999999815,-7.023147808462812
0,0.0,7.749999999999982,-7.023110935345464
0,0.0,7.799999999999981,-7.0230756778823995
0,0.0,7.849999999999982,-7.023041964860634
0,0.0,7.899999999999981,-7.023009728330942
0,0.0,7.9499999999999815,-7.022978903450122
0,0.0,7.9999999999999805,-7.022949428331167
0,0.0,8.049999999999981,-7.02292124390098
0,0.0,8.09999999999998,-7.022894293765215
0,0.0,8.14999999999998,-7.022868524079924
0,0.0,8.19999999999998,-7.022843883429642
0,0.0,8.24999999999998,-7.022820322711589
0,0.0,8.29999999999998,-7.022797795025707
0,0.0,8.34999999999998,-7.022776255570142
0,0.0,8.399999999999979,-7.022755661542007
0,0.0,8.44999999999998,-7.022735972043067
0,0.0,8.499999999999979,-7.022717147990172
0,0.0,8.54999999999998,-7.02269915203015
0,0.0,8.599999999999978,-7.02268194845889
0,0.0,8.649999999999979,-7.02266550314445
0,0.0,8.699999999999978,-7.02264978345397
0,0.0,8.749999999999979,-7.022634758184254
0,0.0,8.799999999999978,-7.022620397495737
0,0.0,8.849999999999978,-7.022606672849727
0,0.0,8.899999999999977,-7.022593556948707
0,0.0,8.949999999999978,-7.022581023679577
0,0.0,8.999999999999977,-7.022569048059662
0,0.16667,2.6,-7.01165603015287
0,0.16667,2.65,-7.022934815232572
0,0.16667,2.6999999999999997,-7.032067672601914
0,0.16667,2.7499999999999996,-7.039412498340077
0,0.16667,2.7999999999999994,-7.045264368466702
0,0.16667,2.849999999999999,-7.0498682498639695
0,0.16667,2.899999999999999,-7.053428690450405
0,0.16667,2.949999999999999,-7.056117275586612
0,0.16667,2.9999999999999987,-7.058078440462254
0,0.16667,3.0499999999999985,-7.059434066967165
0,0.16667,3.0999999999999983,-7.060287171911164
0,0.16667,3.149999999999998,-7.060724905656112
0,0.16667,3.199999999999998,-7.060821018357864
0,0.16667,3.249999999999998,-7.060637907916459
0,0.16667,3.2999999999999976,-7.060228333774372
0,0.16667,3.3499999999999974,-7.059636859777254
0,0.16667,3.3999999999999972,-7.0589010745408824
0,0.16667,3.449999999999997,-7.058052627182639
0,0.16667,3.499999999999997,-7.057118108548042
0,0.16667,3.5499999999999967,-7.056119802302814
0,0.16667,3.5999999999999965,-7.055076325874267
0,0.16667,3.6499999999999964,-7.0540031778139145
0,0.16667,3.699999999999996,-7.052913205447039
0,0.16667,3.749999999999996,-7.051817004491102
0,0.16667,3.799999999999996,-7.050723260536827
0,0.16667,3.8499999999999956,-7.049639040803697
0,0.16667,3.8999999999999955,-7.048570043341752
0,0.16667,3.9499999999999953,-7.047520809806642
0,0.16667,3.999999999999995,-7.046494907049159
0,0.16667,4.049999999999995,-7.04549508200698
0,0.16667,4.099999999999994,-7.044523393743102
0,0.16667,4.149999999999995,-7.043581325925597
0,0.16667,4.199999999999994,-7.042669882572137
0,0.16667,4.249999999999995,-7.041789669479274
0,0.16667,4.299999999999994,-7.04094096341016
0,0.16667,4.349999999999994,-7.04012377081751
0,0.16667,4.399999999999993,-7.039337877623957
0,0.16667,4.449999999999994,-7.038582891363425
0,0.16667,4.499999999999993,-7.037858276799832
0,0.16667,4.549999999999994,-7.0371633859788
0,0.16667,4.5999999999999925,-7.03649748353024
0,0.16667,4.649999999999993,-7.035859767921817
0,0.16667,4.699999999999992,-7.0352493892619945
0,0.16667,4.749999999999993,-7.0346654641648945
0,0.16667,4.799999999999992,-7.034107088114867
0,0.16667,4.8499999999999925,-7.033573345705277
0,0.16667,4.8999999999999915,-7.033063319071539
0,0.16667,4.949999999999992,-7.0325760947919145
0,0.16667,4.999999999999991,-7.03211076948975
0,0.16667,5.049999999999992,-7.031666454336772
0,0.16667,5.099999999999991,-7.0312422786278095
0,0.16667,5.1499999999999915,-7.030837392572445
0,0.16667,5.19999999999999,-7.030450969427722
0,0.16667,5.249999999999991,-7.030082207077732
0,0.16667,5.29999999999999,-7.029730329150372
0,0.16667,5.349999999999991,-7.0293945857481095
0,0.16667,5.39999999999999,-7.029074253858232
0,0.16667,5.44999999999999,-7.02876863749827
0,0.16667,5.499999999999989,-7.02847706764391
0,0.16667,5.54999999999999,-7.028198901979587
0,0.16667,5.599999999999989,-7.027933524505832
0,0.16667,5.64999999999999,-7.027680345032207
0,0.16667,5.699999999999989,-7.02743879858026
0,0.16667,5.749999999999989,-7.027208344717007
0,0.16667,5.799999999999988,-7.026988466836332
0,0.16667,5.849999999999989,-7.026778671402769
0,0.16667,5.899999999999988,-7.026578487169877
0,0.16667,5.949999999999989,-7.026387464383284
0,0.16667,5.999999999999988,-7.02620517397689
0,0.16667,6.049999999999988,-7.026031206769047
0,0.16667,6.099999999999987,-7.025865172664514
0,0.16667,6.149999999999988,-7.025706699866712
0,0.16667,6.199999999999987,-7.025555434104022
0,0.16667,6.249999999999988,-7.025411037873092
0,0.16667,6.2999999999999865,-7.025273189701385
0,0.16667,6.349999999999987,-7.025141583430797
0,0.16667,6.399999999999986,-7.025015927523542
0,0.16667,6.449999999999987,-7.024895944391292
0,0.16667,6.499999999999986,-7.024781369748047
0,0.16667,6.5499999999999865,-7.024671951987124
0,0.16667,6.599999999999985,-7.024567451582297
0,0.16667,6.649999999999986,-7.024467640512997
0,0.16667,6.699999999999985,-7.024372301713309
0,0.16667,6.749999999999986,-7.0242812285443845
0,0.16667,6.799999999999985,-7.024194224289809
0,0.16667,6.849999999999985,-7.0241111016733395
0,0.16667,6.899999999999984,-7.024031682398437
0,0.16667,6.949999999999985,-7.0239557967089
0,0.16667,6.999999999999984,-7.023883282969934
0,0.16667,7.049999999999985,-7.023813987268947
0,0.16667,7.099999999999984,-7.023747763035299
0,0.16667,7.149999999999984,-7.023684470678357
0,0.16667,7.199999999999983,-7.023623977243032
0,0.16667,7.249999999999984,-7.023566156082159
0,0.16667,7.299999999999983,-7.02351088654494
0,0.16667,7.349999999999984,-7.023458053680789
0,0.16667,7.399999999999983,-7.023407547957874
0,0.16667,7.449999999999983,-7.023359264995695
0,0.16667,7.499999999999982,-7.023313105311037
0,0.16667,7.549999999999983,-7.023268974076682
0,0.16667,7.599999999999982,-7.023226780892287
0,0.16667,7.649999999999983,-7.023186439566829
0,0.16667,7.6999999999999815,-7.023147867912044
0,0.16667,7.749999999999982,-7.023110987546352
0,0.16667,7.799999999999981,-7.023075723708715
0,0.16667,7.849999999999982,-7.023042005081934
0,0.16667,7.899999999999981,-7.023009763624947
0,0.16667,7.9499999999999815,-7.022978934413597
0,0.16667,7.9999999999999805,-7.022949455489554
0,0.16667,8.049999999999981,-7.022921267716854
0,0.16667,8.09999999999998,-7.022894314645752
0,0.16667,8.14999999999998,-7.022868542383467
0,0.16667,8.19999999999998,-7.0228438994714795
0,0.16667,8.24999999999998,-7.022820336769045
0,0.16667,8.29999999999998,-7.022797807342609
0,0.16667,8.34999999999998,-7.022776266360787
0,0.16667,8.399999999999979,-7.022755670994645
0,0.16667,8.44999999999998,-7.022735980323
0,0.16667,8.499999999999979,-7.022717155242477
0,0.16667,8.54999999999998,-7.022699158382064
0,0.16667,8.599999999999978,-7.022681954021947
0,0.16667,8.649999999999979,-7.022665508016392
0,0.16667,8.699999999999978,-7.022649787720449
0,0.16667,8.749999999999979,-7.022634761920309
0,0.16667,8.799999999999978,-7.022620400767117
0,0.16667,8.849999999999978,-7.022606675714047
0,0.16667,8.899999999999977,-7.022593559456487
0,0.16667,8.949999999999978,-7.022581025875142
0,0.16667,8.999999999999977,-7.0225690499819295
0,0.33333,2.6,-7.020921728686215
0,0.33333,2.65,-7.031881653756019
0,0.33333,2.6999999999999997,-7.040609060974362
0,0.33333,2.7499999999999996,-7.0474887640243695
0,0.33333,2.7999999999999994,-7.0528386806875
0,0.33333,2.849999999999999,-7.05692243505714
0,0.33333,2.899999999999999,-7.0599593146993795
0,0.33333,2.949999999999999,-7.062132175955124
0,0.33333,2.9999999999999987,-7.063593769480512
0,0.33333,3.0499999999999985,-7.06447184667553
0,0.33333,3.0999999999999983,-7.064873317717112
0,0.33333,3.149999999999998,-7.064887663753164
0,0.33333,3.199999999999998,-7.064589755680312
0,0.33333,3.249999999999998,-7.064042195462229
0,0.33333,3.2999999999999976,-7.0632972694041145
0,0.33333,3.3499999999999974,-7.0623985833216745
0,0.33333,3.3999999999999972,-7.061382435063879
0,0.33333,3.449999999999997,-7.06027896891772
0,0.33333,3.499999999999997,-7.059113148035237
0,0.33333,3.5499999999999967,-7.057905574482939
0,0.33333,3.5999999999999965,-7.056673181338907
0,0.33333,3.6499999999999964,-7.055429817114177
0,0.33333,3.699999999999996,-7.054186739411512
0,0.33333,3.749999999999996,-7.052953031982297
0,0.33333,3.799999999999996,-7.051735957072315
0,0.33333,3.8499999999999956,-7.050541253063755
0,0.33333,3.8999999999999955,-7.049373385850299
0,0.33333,3.9499999999999953,-7.048235761067525
0,0.33333,3.999999999999995,-7.047130903197077
0,0.33333,4.049999999999995,-7.04606060663435
0,0.33333,4.099999999999994,-7.045026063026245
0,0.33333,4.149999999999995,-7.0440279685246
0,0.33333,4.199999999999994,-7.043066614042215
0,0.33333,4.249999999999995,-7.042141961125932
0,0.33333,4.299999999999994,-7.041253705661345
0,0.33333,4.349999999999994,-7.040401331285279
0,0.33333,4.399999999999993,-7.0395841540954045
0,0.33333,4.449999999999994,-7.038801360003567
0,0.33333,4.499999999999993,-7.038052035873572
0,0.33333,4.549999999999994,-7.037335195409862
0,0.33333,4.5999999999999925,-7.036649800615744
0,0.33333,4.649999999999993,-7.035994779514592
0,0.33333,4.699999999999992,-7.035369040721302
0,0.33333,4.749999999999993,-7.034771485361395
0,0.33333,4.799999999999992,-7.034201016758814
0,0.33333,4.8499999999999925,-7.033656548248942
0,0.33333,4.8999999999999915,-7.033137009418517
0,0.33333,4.949999999999992,-7.032641351027779
0,0.33333,4.999999999999991,-7.032168548830762
0,0.33333,5.049999999999992,-7.031717606476315
0,0.33333,5.099999999999991,-7.031287557644257
0,0.33333,5.1499999999999915,-7.030877467546939
0,0.33333,5.19999999999999,-7.03048643390639
0,0.33333,5.249999999999991,-7.030113587499844
0,0.33333,5.29999999999999,-7.02975809235198
0,0.33333,5.349999999999991,-7.0294191456398
0,0.33333,5.39999999999999,-7.02909597736561
0,0.33333,5.44999999999999,-7.028787849844717
0,0.33333,5.499999999999989,-7.028494057046904
0,0.33333,5.54999999999999,-7.028213923824472
0,0.33333,5.599999999999989,-7.027946805054114
0,0.33333,5.64999999999999,-7.027692084715482
0,0.33333,5.699999999999989,-7.027449174925342
0,0.33333,5.749999999999989,-7.027217514943015
0,0.33333,5.799999999999988,-7.026996570160007
0,0.33333,5.849999999999989,-7.026785831084415
0,0.33333,5.899999999999988,-7.026584812328769
0,0.33333,5.949999999999989,-7.026393051608262
0,0.33333,5.999999999999988,-7.026210108754962
0,0.33333,6.049999999999988,-7.026035564752417
0,0.33333,6.099999999999987,-7.025869020794089
0,0.33333,6.149999999999988,-7.025710097368219
0,0.33333,6.199999999999987,-7.025558433371055
0,0.33333,6.249999999999988,-7.0254136852497995
0,0.33333,6.2999999999999865,-7.025275526176165
0,0.33333,6.349999999999987,-7.025143645250957
0,0.33333,6.399999999999986,-7.02501774673995
0,0.33333,6.449999999999987,-7.024897549340849
0,0.33333,6.499999999999986,-7.024782785481104
0,0.33333,6.5499999999999865,-7.024673200646032
0,0.33333,6.599999999999985,-7.024568552736647
0,0.33333,6.649999999999986,-7.024468611456484
0,0.33333,6.699999999999985,-7.024373157726577
0,0.33333,6.749999999999986,-7.024281983127709
0,0.33333,6.799999999999985,-7.024194889369079
0,0.33333,6.849999999999985,-7.02411168778238
0,0.33333,6.899999999999984,-7.02403219884035
0,0.33333,6.949999999999985,-7.023956251698855
0,0.33333,6.999999999999984,-7.023883683761502
0,0.33333,7.049999999999985,-7.023814340265842
0,0.33333,7.099999999999984,-7.023748073890237
0,0.33333,7.149999999999984,-7.023684744380475
0,0.33333,7.199999999999983,-7.023624218195202
0,0.33333,7.249999999999984,-7.023566368169369
0,0.33333,7.299999999999983,-7.023511073194737
0,0.33333,7.349999999999984,-7.02345821791673
0,0.33333,7.399999999999983,-7.02340769244678
0,0.33333,7.449999999999983,-7.023359392089402
0,0.33333,7.499999999999982,-7.023313217083319
0,0.33333,7.549999999999983,-7.023269072355874
0,0.33333,7.599999999999982,-7.02322686729012
0,0.33333,7.649999999999983,-7.023186515503902
0,0.33333,7.6999999999999815,-7.023147934640347
0,0.33333,7.749999999999982,-7.023111046169137
0,0.33333,7.799999999999981,-7.023075775198064
0,0.33333,7.849999999999982,-7.023042050294262
0,0.33333,7.899999999999981,-7.023009803314655
0,0.33333,7.9499999999999815,-7.022978969245149
0,0.33333,7.9999999999999805,-7.022949486048117
0,0.33333,8.049999999999981,-7.022921294517705
0,0.33333,8.09999999999998,-7.022894338142572
0,0.33333,8.14999999999998,-7.022868562975687
0,0.33333,8.19999999999998,-7.022843917510752
0,0.33333,8.24999999999998,-7.0228203525649695
0,0.33333,8.29999999999998,-7.022797821167777
0,0.33333,8.34999999999998,-7.022776278455244
0,0.33333,8.399999999999979,-7.022755681569817
0,0.33333,8.44999999999998,-7.022735989565152
0,0.33333,8.499999999999979,-7.022717163315782
0,0.33333,8.54999999999998,-7.022699165431307
0,0.33333,8.599999999999978,-7.022681960174862
0,0.33333,8.649999999999979,-7.022665513385665
0,0.33333,8.699999999999978,-7.022649792405472
0,0.33333,8.749999999999979,-7.022634766008725
0,0.33333,8.799999999999978,-7.022620404336164
0,0.33333,8.849999999999978,-7.022606678831744
0,0.33333,8.899999999999977,-7.022593562182659
0,0.33333,8.949999999999978,-7.022581028262319
0,0.33333,8.999999999999977,-7.0225690520761495
0,0.66667,2.6,-6.984485594052622
0,0.66667,2.65,-6.999772613003412
0,0.66667,2.6999999999999997,-7.012226607316592
0,0.66667,2.7499999999999996,-7.022347064157694
0,0.66667,2.7999999999999994,-7.030536232513522
0,0.66667,2.849999999999999,-7.037120971185829
0,0.66667,2.899999999999999,-7.042369229436814
0,0.66667,2.949999999999999,-7.046502396523804
0,0.66667,2.9999999999999987,-7.049704595124284
0,0.66667,3.0499999999999985,-7.052129753113604
0,0.66667,3.0999999999999983,-7.053907065057502
0,0.66667,3.149999999999998,-7.055145278396627
0,0.66667,3.199999999999998,-7.055936110153537
0,0.66667,3.249999999999998,-7.0563570091878445
0,0.66667,3.2999999999999976,-7.056473416469305
0,0.66667,3.3499999999999974,-7.0563406330645195
0,0.66667,3.3999999999999972,-7.056005376232927
0,0.66667,3.449999999999997,-7.0555070837796245
0,0.66667,3.499999999999997,-7.054879012618222
0,0.66667,3.5499999999999967,-7.054149167361902
0,0.66667,3.5999999999999965,-7.053341087370635
0,0.66667,3.6499999999999964,-7.0524745151724595
0,0.66667,3.699999999999996,-7.051565964977175
0,0.66667,3.749999999999996,-7.05062920673299
0,0.66667,3.799999999999996,-7.049675678586387
0,0.66667,3.8499999999999956,-7.04871483851915
0,0.66667,3.8999999999999955,-7.04775446423386
0,0.66667,3.9499999999999953,-7.046800908954395
0,0.66667,3.999999999999995,-7.045859319639377
0,0.66667,4.049999999999995,-7.044933823127789
0,0.66667,4.099999999999994,-7.044027684912197
0,0.66667,4.149999999999995,-7.043143444539014
0,0.66667,4.199999999999994,-7.0422830310454545
0,0.66667,4.249999999999995,-7.041447861342045
0,0.66667,4.299999999999994,-7.040638924023572
0,0.66667,4.349999999999994,-7.039856850728672
0,0.66667,4.399999999999993,-7.0391019768591
0,0.66667,4.449999999999994,-7.038374393206115
0,0.66667,4.499999999999993,-7.037673989806387
0,0.66667,4.549999999999994,-7.037000493157859
0,0.66667,4.5999999999999925,-7.036353497761957
0,0.66667,4.649999999999993,-7.03573249281856
0,0.66667,4.699999999999992,-7.035136884780417
0,0.66667,4.749999999999993,-7.0345660163715
0,0.66667,4.799999999999992,-7.034019182586407
0,0.66667,4.8499999999999925,-7.033495644113207
0,0.66667,4.8999999999999915,-7.032994638558327
0,0.66667,4.949999999999992,-7.032515389797362
0,0.66667,4.999999999999991,-7.032057115729129
0,0.66667,5.049999999999992,-7.03161903467018
0,0.66667,5.099999999999991,-7.031200370592934
0,0.66667,5.1499999999999915,-7.030800357381222
0,0.66667,5.19999999999999,-7.030418242252029
0,0.66667,5.249999999999991,-7.030053288470817
0,0.66667,5.29999999999999,-7.029704777469324
0,0.66667,5.349999999999991,-7.029372010459134
0,0.66667,5.39999999999999,-7.029054309620695
0,0.66667,5.44999999999999,-7.028751018936039
0,0.66667,5.499999999999989,-7.028461504723412
0,0.66667,5.54999999999999,-7.028185155923652
0,0.66667,5.599999999999989,-7.027921384180765
0,0.66667,5.64999999999999,-7.027669623752982
0,0.66667,5.699999999999989,-7.027429331285185
0,0.66667,5.749999999999989,-7.027199985468962
0,0.66667,5.799999999999988,-7.026981086612677
0,0.66667,5.849999999999989,-7.026772156140502
0,0.66667,5.899999999999988,-7.026572736036467
0,0.66667,5.949999999999989,-7.026382388247135
0,0.66667,5.999999999999988,-7.026200694054305
0,0.66667,6.049999999999988,-7.026027253427359
0,0.66667,6.099999999999987,-7.02586168436332
0,0.66667,6.149999999999988,-7.025703622221292
0,0.66667,6.199999999999987,-7.025552719056854
0,0.66667,6.249999999999988,-7.0254086429609846
0,0.66667,6.2999999999999865,-7.025271077407232
0,0.66667,6.349999999999987,-7.025139720610159
0,0.66667,6.399999999999986,-7.025014284897487
0,0.66667,6.449999999999987,-7.0248944960978
0,0.66667,6.499999999999986,-7.024780092945287
0,0.66667,6.5499999999999865,-7.024670826502584
0,0.66667,6.599999999999985,-7.024566459602514
0,0.66667,6.649999999999986,-7.02446676630916
0,0.66667,6.699999999999985,-7.024371531398647
0,0.66667,6.749999999999986,-7.024280549859647
0,0.66667,6.799999999999985,-7.024193626413605
0,0.66667,6.849999999999985,-7.024110575054462
0,0.66667,6.899999999999984,-7.024031218607649
0,0.66667,6.949999999999985,-7.023955388307915
0,0.66667,6.999999999999984,-7.023882923395617
0,0.66667,7.049999999999985,-7.023813670730955
0,0.66667,7.099999999999984,-7.023747484425632
0,0.66667,7.149999999999984,-7.02368422549141
0,0.66667,7.199999999999983,-7.023623761504967
0,0.66667,7.249999999999984,-7.023565966288502
0,0.66667,7.299999999999983,-7.02351071960545
0,0.66667,7.349999999999984,-7.023457906870765
0,0.66667,7.399999999999983,-7.02340741887514
0,0.66667,7.449999999999983,-7.023359151522622
0,0.66667,7.499999999999982,-7.023313005581007
0,0.66667,7.549999999999983,-7.0232688864444945
0,0.66667,7.599999999999982,-7.023226703908027
0,0.66667,7.649999999999983,-7.023186371952807
0,0.66667,7.6999999999999815,-7.023147808542452
0,0.66667,7.749999999999982,-7.023110935429299
0,0.66667,7.799999999999981,-7.023075677970387
0,0.66667,7.849999999999982,-7.023041964952602
0,0.66667,7.899999999999981,-7.023009728426625
0,0.66667,7.9499999999999815,-7.022978903549162
0,0.66667,7.9999999999999805,-7.022949428433137
0,0.66667,8.049999999999981,-7.022921244005392
0,0.66667,8.09999999999998,-7.022894293871534
0,0.66667,8.14999999999998,-7.022868524187572
0,0.66667,8.19999999999998,-7.02284388353802
0,0.66667,8.24999999999998,-7.022820322820085
0,0.66667,8.29999999999998,-7.022797795133697
0,0.66667,8.34999999999998,-7.022776255677012
0,0.66667,8.399999999999979,-7.02275566164714
0,0.66667,8.44999999999998,-7.022735972145839
0,0.66667,8.499999999999979,-7.022717148089957
0,0.66667,8.54999999999998,-7.022699152126307
0,0.66667,8.599999999999978,-7.022681948550772
0,0.66667,8.649999999999979,-7.0226655032314
0,0.66667,8.699999999999978,-7.022649783535339
0,0.66667,8.749999999999979,-7.022634758259412
0,0.66667,8.799999999999978,-7.022620397564079
0,0.66667,8.849999999999978,-7.022606672910684
0,0.66667,8.899999999999977,-7.022593557001757
0,0.66667,8.949999999999978,-7.022581023724257
0,0.66667,8.999999999999977,-7.022569048095567
113,0.0,2.6,-7.00250011622542
113,0.0,2.65,-7.014203813921967
113,0.0,2.6999999999999997,-7.0237955389615845
113,0.0,2.7499999999999996,-7.031626480406465
113,0.0,2.7999999999999994,-7.03798221102191
113,0.0,2.849999999999999,-7.043097468468
113,0.0,2.899999999999999,-7.04716720711763
113,0.0,2.949999999999999,-7.050354788227629
113,0.0,2.9999999999999987,-7.05279807740777
113,0.0,3.0499999999999985,-7.054614046712557
113,0.0,3.0999999999999983,-7.0559023148968745
113,0.0,3.149999999999998,-7.056747929141567
113,0.0,3.199999999999998,-7.057223596662582
113,0.0,3.249999999999998,-7.0573915087254075
113,0.0,3.2999999999999976,-7.057304855059562
113,0.0,3.3499999999999974,-7.0570090969960475
113,0.0,3.3999999999999972,-7.056543047963722
113,0.0,3.449999999999997,-7.055939796872062
113,0.0,3.499999999999997,-7.0552275010854295
113,0.0,3.5499999999999967,-7.0544300696520645
113,0.0,3.5999999999999965,-7.053567753215007
113,0.0,3.6499999999999964,-7.052657653977062
113,0.0,3.699999999999996,-7.051714166818475
113,0.0,3.749999999999996,-7.050749360919633
113,0.0,3.799999999999996,-7.049773309858987
113,0.0,3.8499999999999956,-7.048794377033192
113,0.0,3.8999999999999955,-7.047819462314132
113,0.0,3.9499999999999953,-7.046854215070304
113,0.0,3.999999999999995,-7.045903218007192
113,0.0,4.049999999999995,-7.044970145701194
113,0.0,4.099999999999994,-7.044057901198665
113,0.0,4.149999999999995,-7.0431687336138
113,0.0,4.199999999999994,-7.042304339277282
113,0.0,4.249999999999995,-7.0414659486543245
113,0.0,4.299999999999994,-7.04065440095963
113,0.0,4.349999999999994,-7.0398702081428075
113,0.0,4.399999999999993,-7.039113609696102
113,0.0,4.449999999999994,-7.038384619543105
113,0.0,4.499999999999993,-7.03768306609882
113,0.0,4.549999999999994,-7.0370086264450995
113,0.0,4.5999999999999925,-7.036360855438155
113,0.0,4.649999999999993,-7.035739210454312
113,0.0,4.699999999999992,-7.035143072384252
113,0.0,4.749999999999993,-7.034571763402867
113,0.0,4.799999999999992,-7.034024561969715
113,0.0,4.8499999999999925,-7.0335007154527425
113,0.0,4.8999999999999915,-7.032999450713942
113,0.0,4.949999999999992,-7.03251998294894
113,0.0,4.999999999999991,-7.032061523032129
113,0.0,5.049999999999992,-7.031623283584184
113,0.0,5.099999999999991,-7.031204483948597
113,0.0,5.1499999999999915,-7.0308043542379846
113,0.0,5.19999999999999,-7.03042213858841
113,0.0,5.249999999999991,-7.0300570977406975
113,0.0,5.29999999999999,-7.029708511050948
113,0.0,5.349999999999991,-7.029375678018138
113,0.0,5.39999999999999,-7.029057919404267
113,0.0,5.44999999999999,-7.028754578011765
113,0.0,5.499999999999989,-7.028465019173752
113,0.0,5.54999999999999,-7.0281886310047295
113,0.0,5.599999999999989,-7.027924824452414
113,0.0,5.64999999999999,-7.0276730331856445
113,0.0,5.699999999999989,-7.027432713348085
113,0.0,5.749999999999989,-7.027203343203142
113,0.0,5.799999999999988,-7.026984422691737
113,0.0,5.849999999999989,-7.0267754729213525
113,0.0,5.899999999999988,-7.026576035601917
113,0.0,5.949999999999989,-7.026385672441812
113,0.0,5.999999999999988,-7.026203964515069
113,0.0,6.049999999999988,-7.026030511609222
113,0.0,6.099999999999987,-7.025864931561594
113,0.0,6.149999999999988,-7.025706859590625
113,0.0,6.199999999999987,-7.025555947627669
113,0.0,6.249999999999988,-7.02541186365373
113,0.0,6.2999999999999865,-7.0252742910447745
113,0.0,6.349999999999987,-7.025142927928635
113,0.0,6.399999999999986,-7.025017486555802
113,0.0,6.449999999999987,-7.024897692685992
113,0.0,6.499999999999986,-7.024783284991912
113,0.0,6.5499999999999865,-7.02467401448125
113,0.0,6.599999999999985,-7.0245696439376575
113,0.0,6.649999999999986,-7.024469947381217
113,0.0,6.699999999999985,-7.024374709548632
113,0.0,6.749999999999986,-7.024283725393242
113,0.0,6.799999999999985,-7.024196799604817
113,0.0,6.849999999999985,-7.0241137461488945
113,0.0,6.899999999999984,-7.02403438782543
113,0.0,6.949999999999985,-7.023958555846317
113,0.0,6.999999999999984,-7.02388608943142
113,0.0,7.049999999999985,-7.023816835422547
113,0.0,7.099999999999984,-7.023750647914902
113,0.0,7.149999999999984,-7.023687387905455
113,0.0,7.199999999999983,-7.0236269229576145
113,0.0,7.249999999999984,-7.023569126881677
113,0.0,7.299999999999983,-7.0235138794304195
113,0.0,7.349999999999984,-7.023461066009228
113,0.0,7.399999999999983,-7.02341057740024
113,0.0,7.449999999999983,-7.023362309499827
113,0.0,7.499999999999982,-7.023316163068922
113,0.0,7.549999999999983,-7.023272043495565
113,0.0,7.599999999999982,-7.0232298605692
113,0.0,7.649999999999983,-7.023189528266105
113,0.0,7.6999999999999815,-7.02315096454549
113,0.0,7.749999999999982,-7.023114091155757
113,0.0,7.799999999999981,-7.02307883345042
113,0.0,7.849999999999982,-7.023045120213228
113,0.0,7.899999999999981,-7.023012883492037
113,0.0,7.9499999999999815,-7.022982058441045
113,0.0,7.9999999999999805,-7.022952583170917
113,0.0,8.049999999999981,-7.02292439860648
113,0.0,8.09999999999998,-7.022897448351532
113,0.0,8.14999999999998,-7.0228716785604695
113,0.0,8.19999999999998,-7.022847037816347
113,0.0,8.24999999999998,-7.022823477015074
113,0.0,8.29999999999998,-7.022800949255412
113,0.0,8.34999999999998,-7.022779409734465
113,0.0,8.399999999999979,-7.022758815648407
113,0.0,8.44999999999998,-7.022739126098175
113,0.0,8.499999999999979,-7.022720301999877
113,0.0,8.54999999999998,-7.022702305999682
113,0.0,8.599999999999978,-7.022685102392897
113,0.0,8.649999999999979,-7.022668657047045
113,0.0,8.699999999999978,-7.022652937328812
113,0.0,8.749999999999979,-7.0226379120345825
113,0.0,8.799999999999978,-7.022623551324427
113,0.0,8.849999999999978,-7.022609826659322
113,0.0,8.899999999999977,-7.0225967107414675
113,0.0,8.949999999999978,-7.0225841774574995
113,0.0,8.999999999999977,-7.022572201824515
113,0.16667,2.6,-7.011741803987177
113,0.16667,2.65,-7.023006045395457
113,0.16667,2.6999999999999997,-7.0321270486060525
113,0.16667,2.7499999999999996,-7.0394622214071845
113,0.16667,2.7999999999999994,-7.045306236480135
113,0.16667,2.849999999999999,-7.049903728273745
113,0.16667,2.899999999999999,-7.0534589713354725
113,0.16667,2.949999999999999,-7.0561433267432525
113,0.16667,2.9999999999999987,-7.058101046108245
113,0.16667,3.0499999999999985,-7.059453861413965
113,0.16667,3.0999999999999983,-7.060304667352749
113,0.16667,3.149999999999998,-7.0607405150477
113,0.16667,3.199999999999998,-7.060835074206865
113,0.16667,3.249999999999998,-7.06065067767857
113,0.16667,3.2999999999999976,-7.060240032436952
113,0.16667,3.3499999999999974,-7.059647660117872
113,0.16667,3.3999999999999972,-7.05891111546876
113,0.16667,3.449999999999997,-7.058062020503018
113,0.16667,3.499999999999997,-7.05712694443226
113,0.16667,3.5499999999999967,-7.056128153698805
113,0.16667,3.5999999999999965,-7.05508425205183
113,0.16667,3.6499999999999964,-7.054010727205302
113,0.16667,3.699999999999996,-7.05292041791518
113,0.16667,3.749999999999996,-7.051823913134295
113,0.16667,3.799999999999996,-7.05072989311919
113,0.16667,3.8499999999999956,-7.049645420884385
113,0.16667,3.8999999999999955,-7.0485761911626446
113,0.16667,3.9499999999999953,-7.047526742986987
113,0.16667,3.999999999999995,-7.046500641126627
113,0.16667,4.049999999999995,-7.0455006308570045
113,0.16667,4.099999999999994,-7.04452876990225
113,0.16667,4.149999999999995,-7.043586540839637
113,0.16667,4.199999999999994,-7.042674946785425
113,0.16667,4.249999999999995,-7.041794592778619
113,0.16667,4.299999999999994,-7.040945754933712
113,0.16667,4.349999999999994,-7.040128439136939
113,0.16667,4.399999999999993,-7.03934243080647
113,0.16667,4.449999999999994,-7.038587337018697
113,0.16667,4.499999999999993,-7.037862622115805
113,0.16667,4.549999999999994,-7.037167637749385
113,0.16667,4.5999999999999925,-7.036501648177262
113,0.16667,4.649999999999993,-7.03586385151291
113,0.16667,4.699999999999992,-7.035253397525785
113,0.16667,4.749999999999993,-7.0346694025043845
113,0.16667,4.799999999999992,-7.034110961619735
113,0.16667,4.8499999999999925,-7.033577159163535
113,0.16667,4.8999999999999915,-7.033067076980885
113,0.16667,4.949999999999992,-7.032579801370964
113,0.16667,4.999999999999991,-7.032114428689277
113,0.16667,5.049999999999992,-7.031670069850994
113,0.16667,5.099999999999991,-7.031245853905728
113,0.16667,5.1499999999999915,-7.03084093082923
113,0.16667,5.19999999999999,-7.030454473656092
113,0.16667,5.249999999999991,-7.030085680059285
113,0.16667,5.29999999999999,-7.029733773466799
113,0.16667,5.349999999999991,-7.029398003792262
113,0.16667,5.39999999999999,-7.029077647844967
113,0.16667,5.44999999999999,-7.028772009475037
113,0.16667,5.499999999999989,-7.028480419501042
113,0.16667,5.54999999999999,-7.0282022354602525
113,0.16667,5.599999999999989,-7.027936841215612
113,0.16667,5.64999999999999,-7.027683646448307
113,0.16667,5.699999999999989,-7.0274420860602875
113,0.16667,5.749999999999989,-7.027211619507369
113,0.16667,5.799999999999988,-7.02699173008018
113,0.16667,5.849999999999989,-7.0267819241475395
113,0.16667,5.899999999999988,-7.026581730374399
113,0.16667,5.949999999999989,-7.0263906989245
113,0.16667,5.999999999999988,-7.026208400656125
113,0.16667,6.049999999999988,-7.026034426317932
113,0.16667,6.099999999999987,-7.025868385750497
113,0.16667,6.149999999999988,-7.025709907098202
113,0.16667,6.199999999999987,-7.0255586360352
113,0.16667,6.249999999999988,-7.025414235008363
113,0.16667,6.2999999999999865,-7.02527638249953
113,0.16667,6.349999999999987,-7.0251447723088
113,0.16667,6.399999999999986,-7.0250191128601545
113,0.16667,6.449999999999987,-7.024899126530302
113,0.16667,6.499999999999986,-7.024784549001319
113,0.16667,6.5499999999999865,-7.0246751286373845
113,0.16667,6.599999999999985,-7.024570625885705
113,0.16667,6.649999999999986,-7.024470812701504
113,0.16667,6.699999999999985,-7.024375471996827
113,0.16667,6.749999999999986,-7.024284397112777
113,0.16667,6.799999999999985,-7.024197391314707
113,0.16667,6.849999999999985,-7.024114267309817
113,0.16667,6.899999999999984,-7.024034846786535
113,0.16667,6.949999999999985,-7.0239589599750145
113,0.16667,6.999999999999984,-7.023886445228097
113,0.16667,7.049999999999985,-7.023817148621977
113,0.16667,7.099999999999984,-7.02375092357587
113,0.16667,7.149999999999984,-7.0236876304899525
113,0.16667,7.199999999999983,-7.023627136400825
113,0.16667,7.249999999999984,-7.0235693146538045
113,0.16667,7.299999999999983,-7.023514044591307
113,0.16667,7.349999999999984,-7.023461211256615
113,0.16667,7.399999999999983,-7.02341070511236
113,0.16667,7.449999999999983,-7.023362421773042
113,0.16667,7.499999999999982,-7.023316261750945
113,0.16667,7.549999999999983,-7.023272130214795
113,0.16667,7.599999999999982,-7.023229936760587
113,0.16667,7.649999999999983,-7.023189595194005
113,0.16667,7.6999999999999815,-7.023151023323817
113,0.16667,7.749999999999982,-7.023114142765782
113,0.16667,7.799999999999981,-7.023078878756452
113,0.16667,7.849999999999982,-7.0230451599764825
113,0.16667,7.899999999999981,-7.0230129183828645
113,0.16667,7.9499999999999815,-7.022982089049707
113,0.16667,7.9999999999999805,-7.02295261001711
113,0.16667,8.049999999999981,-7.022924422147712
113,0.16667,8.09999999999998,-7.02289746899051
113,0.16667,8.14999999999998,-7.022871696651592
113,0.16667,8.19999999999998,-7.022847053671427
113,0.16667,8.24999999999998,-7.022823490908364
113,0.16667,8.29999999999998,-7.02280096142804
113,0.16667,8.34999999999998,-7.02277942039834
113,0.16667,8.399999999999979,-7.02275882498968
113,0.16667,8.44999999999998,-7.022739134280295
113,0.16667,8.499999999999979,-7.022720309166292
113,0.16667,8.54999999999998,-7.022702312276192
113,0.16667,8.599999999999978,-7.022685107889765
113,0.16667,8.649999999999979,-7.022668661860907
113,0.16667,8.699999999999978,-7.0226529415443295
113,0.16667,8.749999999999979,-7.022637915725937
113,0.16667,8.799999999999978,-7.0226235545566045
113,0.16667,8.849999999999978,-7.022609829489275
113,0.16667,8.899999999999977,-7.022596713219119
113,0.16667,8.949999999999978,-7.022584179626662
113,0.16667,8.999999999999977,-7.022572203723647
113,0.33333,2.6,-7.0209530545882295
113,0.33333,2.65,-7.031901732866627
113,0.33333,2.6999999999999997,-7.040620696685267
113,0.33333,2.7499999999999996,-7.047494169655205
113,0.33333,2.7999999999999994,-7.05283959311839
113,0.33333,2.849999999999999,-7.056920207690527
113,0.33333,2.899999999999999,-7.059954993323467
113,0.33333,2.949999999999999,-7.062126560519287
113,0.33333,2.9999999999999987,-7.0635874642923575
113,0.33333,3.0499999999999985,-7.064465301099112
113,0.33333,3.0999999999999983,-7.064866859089572
113,0.33333,3.149999999999998,-7.064881523935387
113,0.33333,3.199999999999998,-7.064584092407247
113,0.33333,3.249999999999998,-7.064037109451877
113,0.33333,3.2999999999999976,-7.063292818013637
113,0.33333,3.3499999999999974,-7.06239479139823
113,0.33333,3.3999999999999972,-7.061379303521575
113,0.33333,3.449999999999997,-7.0602764814762144
113,0.33333,3.499999999999997,-7.059111276476402
113,0.33333,3.5499999999999967,-7.057904282716872
113,0.33333,3.5999999999999965,-7.056672428516837
113,0.33333,3.6499999999999964,-7.055429559981643
113,0.33333,3.699999999999996,-7.05418693405892
113,0.33333,3.749999999999996,-7.052953635120089
113,0.33333,3.799999999999996,-7.05173692693358
113,0.33333,3.8499999999999956,-7.050542550017095
113,0.33333,3.8999999999999955,-7.0493749727894475
113,0.33333,3.9499999999999953,-7.048237603630822
113,0.33333,3.999999999999995,-7.0471329698591525
113,0.33333,4.049999999999995,-7.046062868703459
113,0.33333,4.099999999999994,-7.045028494573668
113,0.33333,4.149999999999995,-7.044030546266697
113,0.33333,4.199999999999994,-7.043069317191132
113,0.33333,4.249999999999995,-7.042144771221207
113,0.33333,4.299999999999994,-7.0412566063917374
113,0.33333,4.349999999999994,-7.040404308307762
113,0.33333,4.399999999999993,-7.039587194856412
113,0.33333,4.449999999999994,-7.038804453566097
113,0.33333,4.499999999999993,-7.038055172752652
113,0.33333,4.549999999999994,-7.03733836741796
113,0.33333,4.5999999999999925,-7.036653000719047
113,0.33333,4.649999999999993,-7.035998001700567
113,0.33333,4.699999999999992,-7.035372279877589
113,0.33333,4.749999999999993,-7.034774737165782
113,0.33333,4.799999999999992,-7.034204277579855
113,0.33333,4.8499999999999925,-7.033659815056675
113,0.33333,4.8999999999999915,-7.033140279704632
113,0.33333,4.949999999999992,-7.032644622734555
113,0.33333,4.999999999999991,-7.032171820288047
113,0.33333,5.049999999999992,-7.031720876345912
113,0.33333,5.099999999999991,-7.031290824870947
113,0.33333,5.1499999999999915,-7.03088073131559
113,0.33333,5.19999999999999,-7.030489693604459
113,0.33333,5.249999999999991,-7.030116842684757
113,0.33333,5.29999999999999,-7.029761342722828
113,0.33333,5.349999999999991,-7.0294223910128775
113,0.33333,5.39999999999999,-7.02909921765336
113,0.33333,5.44999999999999,-7.028791085037647
113,0.33333,5.499999999999989,-7.028497287198165
113,0.33333,5.54999999999999,-7.028217149036707
113,0.33333,5.599999999999989,-7.0279500254683525
113,0.33333,5.64999999999999,-7.027695300501752
113,0.33333,5.699999999999989,-7.0274523862748275
113,0.33333,5.749999999999989,-7.027220722061514
113,0.33333,5.799999999999988,-7.026999773262517
113,0.33333,5.849999999999989,-7.026789030390707
113,0.33333,5.899999999999988,-7.0265880080597745
113,0.33333,5.949999999999989,-7.026396243983189
113,0.33333,5.999999999999988,-7.026213297989
113,0.33333,6.049999999999988,-7.026038751054955
113,0.33333,6.099999999999987,-7.02587220436737
113,0.33333,6.149999999999988,-7.025713278406338
113,0.33333,6.199999999999987,-7.025561612059278
113,0.33333,6.249999999999988,-7.025416861764115
113,0.33333,6.2999999999999865,-7.025278700683034
113,0.33333,6.349999999999987,-7.025146817907242
113,0.33333,6.399999999999986,-7.025020917692965
113,0.33333,6.449999999999987,-7.02490071872852
113,0.33333,6.499999999999986,-7.024785953432205
113,0.33333,6.5499999999999865,-7.024676367280493
113,0.33333,6.599999999999985,-7.024571718165897
113,0.33333,6.649999999999986,-7.024471775783844
113,0.33333,6.699999999999985,-7.0243763210476375
113,0.33333,6.749999999999986,-7.024285145530772
113,0.33333,6.799999999999985,-7.024198050935555
113,0.33333,6.849999999999985,-7.024114848587212
113,0.33333,6.899999999999984,-7.024035358952427
113,0.33333,6.949999999999985,-7.023959411181405
113,0.33333,6.999999999999984,-7.023886842672485
113,0.33333,7.049999999999985,-7.023817498658319
113,0.33333,7.099999999999984,-7.02375123181273
113,0.33333,7.149999999999984,-7.023687901877294
113,0.33333,7.199999999999983,-7.023627375306787
113,0.33333,7.249999999999984,-7.023569524932567
113,0.33333,7.299999999999983,-7.023514229643105
113,0.33333,7.349999999999984,-7.023461374080795
113,0.33333,7.399999999999983,-7.023410848354279
113,0.33333,7.449999999999983,-7.0233625477655295
113,0.33333,7.499999999999982,-7.023316372550932
113,0.33333,7.549999999999983,-7.023272227635689
113,0.33333,7.599999999999982,-7.023230022400909
113,0.33333,7.649999999999983,-7.023189670462655
113,0.33333,7.6999999999999815,-7.023151089462427
113,0.33333,7.749999999999982,-7.023114200868434
113,0.33333,7.799999999999981,-7.023078929787125
113,0.33333,7.849999999999982,-7.023045204784407
113,0.33333,7.899999999999981,-7.023012957716097
113,0.33333,7.9499999999999815,-7.022982123567097
113,0.33333,7.9999999999999805,-7.022952640298862
113,0.33333,8.049999999999981,-7.022924448704712
113,0.33333,8.09999999999998,-7.022897492272562
113,0.33333,8.14999999999998,-7.022871717054697
113,0.33333,8.19999999999998,-7.022847071544212
113,0.33333,8.24999999999998,-7.022823506557752
113,0.33333,8.29999999999998,-7.022800975124262
113,0.33333,8.34999999999998,-7.022779432379354
113,0.33333,8.399999999999979,-7.022758835465067
113,0.33333,8.44999999999998,-7.022739143434702
113,0.33333,8.499999999999979,-7.022720317162455
113,0.33333,8.54999999999998,-7.022702319257627
113,0.33333,8.599999999999978,-7.022685113983092
113,0.33333,8.649999999999979,-7.022668667177827
113,0.33333,8.699999999999978,-7.022652946183372
113,0.33333,8.749999999999979,-7.022637919773975
113,0.33333,8.799999999999978,-7.022623558090202
113,0.33333,8.849999999999978,-7.022609832575857
113,0.33333,8.899999999999977,-7.022596715917987
113,0.33333,8.949999999999978,-7.022584181989882
113,0.33333,8.999999999999977,-7.022572205796857
113,0.66667,2.6,-6.9847205447481295
113,0.66667,2.65,-6.999975450757639
113,0.66667,2.6999999999999997,-7.012402215793247
113,0.66667,2.7499999999999996,-7.022499540032363
113,0.66667,2.7999999999999994,-7.030669015707384
113,0.66667,2.849999999999999,-7.037236953298792
113,0.66667,2.899999999999999,-7.042470844126922
113,0.66667,2.949999999999999,-7.04659169486484
113,0.66667,2.9999999999999987,-7.049783308435227
113,0.66667,3.0499999999999985,-7.052199345331622
113,0.66667,3.0999999999999983,-7.053968776384583
113,0.66667,3.149999999999998,-7.055200161667482
113,0.66667,3.199999999999998,-7.0559850611364
113,0.66667,3.249999999999998,-7.056400791831532
113,0.66667,3.2999999999999976,-7.05651268394329
113,0.66667,3.3499999999999974,-7.05637594529866
113,0.66667,3.3999999999999972,-7.056037214546055
113,0.66667,3.449999999999997,-7.055535863087697
113,0.66667,3.499999999999997,-7.054905091630415
113,0.66667,3.5499999999999967,-7.054172857104245
113,0.66667,3.5999999999999965,-7.053362658319415
113,0.66667,3.6499999999999964,-7.05249420323178
113,0.66667,3.699999999999996,-7.051583976495342
113,0.66667,3.749999999999996,-7.050645722719207
113,0.66667,3.799999999999996,-7.04969085826179
113,0.66667,3.8499999999999956,-7.048728822313382
113,0.66667,3.8999999999999955,-7.047767376319382
113,0.66667,3.9499999999999953,-7.04681285939503
113,0.66667,3.999999999999995,-7.045870406216567
113,0.66667,4.049999999999995,-7.04494413289718
113,0.66667,4.099999999999994,-7.044037295534272
113,0.66667,4.149999999999995,-7.043152425420034
113,0.66667,4.199999999999994,-7.042291444318875
113,0.66667,4.249999999999995,-7.041455762715432
113,0.66667,4.299999999999994,-7.040646363511895
113,0.66667,4.349999999999994,-7.03986387329132
113,0.66667,4.399999999999993,-7.039108622955137
113,0.66667,4.449999999999994,-7.03838069927982
113,0.66667,4.499999999999993,-7.037679988713252
113,0.66667,4.549999999999994,-7.0370062145394945
113,0.66667,4.5999999999999925,-7.0363589683770424
113,0.66667,4.649999999999993,-7.0357377368358325
113,0.66667,4.699999999999992,-7.03514192403876
113,0.66667,4.749999999999993,-7.034570870611427
113,0.66667,4.799999999999992,-7.034023869656568
113,0.66667,4.8499999999999925,-7.0335001801550225
113,0.66667,4.8999999999999915,-7.032999038171397
113,0.66667,4.949999999999992,-7.032519666187925
113,0.66667,4.999999999999991,-7.03206128084352
113,0.66667,5.049999999999992,-7.03162309931499
113,0.66667,5.099999999999991,-7.0312043445433225
113,0.66667,5.1499999999999915,-7.030804249478672
113,0.66667,5.19999999999999,-7.0304220604926675
113,0.66667,5.249999999999991,-7.030057040085242
113,0.66667,5.29999999999999,-7.029708468994867
113,0.66667,5.349999999999991,-7.029375647805255
113,0.66667,5.39999999999999,-7.029057898128222
113,0.66667,5.44999999999999,-7.028754563430857
113,0.66667,5.499999999999989,-7.028465009565109
113,0.66667,5.54999999999999,-7.028188625049634
113,0.66667,5.599999999999989,-7.0279248211462475
113,0.66667,5.64999999999999,-7.027673031767264
113,0.66667,5.699999999999989,-7.027432713244535
113,0.66667,5.749999999999989,-7.027203343986438
113,0.66667,5.799999999999988,-7.026984424045169
113,0.66667,5.849999999999989,-7.02677547461325
113,0.66667,5.899999999999988,-7.026576037465287
113,0.66667,5.949999999999989,-7.026385674358557
113,0.66667,5.999999999999988,-7.02620396640383
113,0.66667,6.049999999999988,-7.026030513415995
113,0.66667,6.099999999999987,-7.025864933252557
113,0.66667,6.149999999999988,-7.02570686114667
113,0.66667,6.199999999999987,-7.025555949040237
113,0.66667,6.249999999999988,-7.025411864921672
113,0.66667,6.2999999999999865,-7.025274292172015
113,0.66667,6.349999999999987,-7.025142928922414
113,0.66667,6.399999999999986,-7.025017487425397
113,0.66667,6.449999999999987,-7.024897693441785
113,0.66667,6.499999999999986,-7.024783285644725
113,0.66667,6.5499999999999865,-7.02467401504188
113,0.66667,6.599999999999985,-7.024569644416565
113,0.66667,6.649999999999986,-7.024469947788322
113,0.66667,6.699999999999985,-7.024374709893182
113,0.66667,6.749999999999986,-7.024283725683767
113,0.66667,6.799999999999985,-7.024196799849087
113,0.66667,6.849999999999985,-7.024113746353942
113,0.66667,6.899999999999984,-7.024034387997557
113,0.66667,6.949999999999985,-7.023958555991147
113,0.66667,6.999999999999984,-7.02388608955393
113,0.66667,7.049999999999985,-7.0238168355271196
113,0.66667,7.099999999999984,-7.02375064800538
113,0.66667,7.149999999999984,-7.0236873879851744
113,0.66667,7.199999999999983,-7.02362692302947
113,0.66667,7.249999999999984,-7.023569126948154
113,0.66667,7.299999999999983,-7.023513879493635
113,0.66667,7.349999999999984,-7.023461066070965
113,0.66667,7.399999999999983,-7.023410577461985
113,0.66667,7.449999999999983,-7.023362309562797
113,0.66667,7.499999999999982,-7.023316163134084
113,0.66667,7.549999999999983,-7.0232720435636775
113,0.66667,7.599999999999982,-7.023229860640825
113,0.66667,7.649999999999983,-7.023189528341622
113,0.66667,7.6999999999999815,-7.023150964625125
113,0.66667,7.749999999999982,-7.023114091239592
113,0.66667,7.799999999999981,-7.023078833538402
113,0.66667,7.849999999999982,-7.023045120305192
113,0.66667,7.899999999999981,-7.023012883587717
113,0.66667,7.9499999999999815,-7.022982058540085
113,0.66667,7.9999999999999805,-7.022952583272887
113,0.66667,8.049999999999981,-7.0229243987108925
113,0.66667,8.09999999999998,-7.02289744845785
113,0.66667,8.14999999999998,-7.022871678668115
113,0.66667,8.19999999999998,-7.022847037924724
113,0.66667,8.24999999999998,-7.02282347712357
113,0.66667,8.29999999999998,-7.022800949363402
113,0.66667,8.34999999999998,-7.022779409841335
113,0.66667,8.399999999999979,-7.02275881575354
113,0.66667,8.44999999999998,-7.022739126200947
113,0.66667,8.499999999999979,-7.022720302099665
113,0.66667,8.54999999999998,-7.022702306095842
113,0.66667,8.599999999999978,-7.022685102484777
113,0.66667,8.649999999999979,-7.022668657133995
113,0.66667,8.699999999999978,-7.02265293741018
113,0.66667,8.749999999999979,-7.022637912109739
113,0.66667,8.799999999999978,-7.02262355139277
113,0.66667,8.849999999999978,-7.02260982672028
113,0.66667,8.899999999999977,-7.0225967107945175
113,0.66667,8.949999999999978,-7.022584177502179
113,0.66667,8.999999999999977,-7.022572201860419
