basis,method,registry,distance,energy,energy_err
bn,DFT-D2,0.0,2.6,-164.9712314322658,0.0
bn,DFT-D2,0.0,2.7,-165.00199616274188,0.0
bn,DFT-D2,0.0,2.8,-165.0227810899897,0.0
bn,DFT-D2,0.0,2.9,-165.03604258419875,0.0
bn,DFT-D2,0.0,3.0,-165.04391415267693,0.0
bn,DFT-D2,0.0,3.1,-165.04814480610253,0.0
bn,DFT-D2,0.0,3.2,-165.05001946527247,0.0
bn,DFT-D2,0.0,3.3,-165.0504199145668,0.0
bn,DFT-D2,0.0,3.4,-165.04991915736716,0.0
bn,DFT-D2,0.0,3.5,-165.0488820981185,0.0
bn,DFT-D2,0.0,3.6,-165.04755166630855,0.0
bn,DFT-D2,0.0,3.7,-165.0460719121167,0.0
bn,DFT-D2,0.0,3.8,-165.04455814371488,0.0
bn,DFT-D2,0.0,3.9,-165.04305682451388,0.0
bn,DFT-D2,0.0,4.0,-165.04160972396366,0.0
bn,DFT-D2,0.0,4.2,-165.03894130918914,0.0
bn,DFT-D2,0.0,4.5,-165.03562733872306,0.0
bn,DFT-D2,0.0,5.0,-165.0317232897419,0.0
bn,DFT-D2,0.0,5.5,-165.02926739575145,0.0
bn,DFT-D2,0.0,6.0,-165.02772165399222,0.0
bn,DFT-D2,0.0,6.5,-165.02672445939766,0.0
bn,DFT-D2,0.0,7.0,-165.0260687334573,0.0
bn,DFT-D2,0.0,8.0,-165.0252969850466,0.0
bn,DFT-D2,0.0,9.0,-165.02488861044134,0.0
bn,DFT-D2,0.0,11.0,-165.02451656301236,0.0
bn,DFT-D2,0.16667,2.6,-164.9871044694902,0.0
bn,DFT-D2,0.16667,2.7,-165.01300074608895,0.0
bn,DFT-D2,0.16667,2.8,-165.03076361282095,0.0
bn,DFT-D2,0.16667,2.9,-165.04207313356068,0.0
bn,DFT-D2,0.16667,3.0,-165.0485409355922,0.0
bn,DFT-D2,0.16667,3.1,-165.05167524300106,0.0
bn,DFT-D2,0.16667,3.2,-165.05268121326182,0.0
bn,DFT-D2,0.16667,3.3,-165.0523965483383,0.0
bn,DFT-D2,0.16667,3.4,-165.05136775454264,0.0
bn,DFT-D2,0.16667,3.5,-165.04993616447217,0.0
bn,DFT-D2,0.16667,3.6,-165.04830984304945,0.0
bn,DFT-D2,0.16667,3.7,-165.046625425356,0.0
bn,DFT-D2,0.16667,3.8,-165.04497168848005,0.0
bn,DFT-D2,0.16667,3.9,-165.04333825808743,0.0
bn,DFT-D2,0.16667,4.0,-165.041806904339,0.0
bn,DFT-D2,0.16667,4.2,-165.03904505252964,0.0
bn,DFT-D2,0.16667,4.5,-165.03566686323506,0.0
bn,DFT-D2,0.16667,5.0,-165.03173121505282,0.0
bn,DFT-D2,0.16667,5.5,-165.02926756582252,0.0
bn,DFT-D2,0.16667,6.0,-165.0277222322338,0.0
bn,DFT-D2,0.16667,6.5,-165.0267250376392,0.0
bn,DFT-D2,0.16667,7.0,-165.02606601232048,0.0
bn,DFT-D2,0.16667,8.0,-165.02529535236448,0.0
bn,DFT-D2,0.16667,9.0,-165.0248889165692,0.0
bn,DFT-D2,0.16667,11.0,-165.0245161208276,0.0
bn,DFT-D2,0.33333,2.6,-165.01122020423807,0.0
bn,DFT-D2,0.33333,2.7,-165.03139991664742,0.0
bn,DFT-D2,0.33333,2.8,-165.04421266138388,0.0
bn,DFT-D2,0.33333,2.9,-165.0517539858972,0.0
bn,DFT-D2,0.33333,3.0,-165.05559112892732,0.0
bn,DFT-D2,0.33333,3.1,-165.0568911520335,0.0
bn,DFT-D2,0.33333,3.2,-165.0565536290277,0.0
bn,DFT-D2,0.33333,3.3,-165.05525755156984,0.0
bn,DFT-D2,0.33333,3.4,-165.05346646531385,0.0
bn,DFT-D2,0.33333,3.5,-165.05146646378006,0.0
bn,DFT-D2,0.33333,3.6,-165.04942275398645,0.0
bn,DFT-D2,0.33333,3.7,-165.04742717429994,0.0
bn,DFT-D2,0.33333,3.8,-165.04553431752765,0.0
bn,DFT-D2,0.33333,3.9,-165.04369802638658,0.0
bn,DFT-D2,0.33333,4.0,-165.0420922495467,0.0
bn,DFT-D2,0.33333,4.2,-165.03918576931642,0.0
bn,DFT-D2,0.33333,4.5,-165.0357152654559,0.0
bn,DFT-D2,0.33333,5.0,-165.0317393784632,0.0
bn,DFT-D2,0.33333,5.5,-165.02926800800725,0.0
bn,DFT-D2,0.33333,6.0,-165.0277222322338,0.0
bn,DFT-D2,0.33333,6.5,-165.0267252757387,0.0
bn,DFT-D2,0.33333,7.0,-165.02606761098835,0.0
bn,DFT-D2,0.33333,8.0,-165.02529664490447,0.0
bn,DFT-D2,0.33333,9.0,-165.02488769205766,0.0
bn,DFT-D2,0.33333,11.0,-165.02451680111182,0.0
bn,DFT-D2,0.66667,2.6,-164.95535968758136,0.0
bn,DFT-D2,0.66667,2.7,-164.98855595787353,0.0
bn,DFT-D2,0.66667,2.8,-165.0122101538059,0.0
bn,DFT-D2,0.66667,2.9,-165.02836370622018,0.0
bn,DFT-D2,0.66667,3.0,-165.03872252979042,0.0
bn,DFT-D2,0.66667,3.1,-165.04479654931276,0.0
bn,DFT-D2,0.66667,3.2,-165.04789725068213,0.0
bn,DFT-D2,0.66667,3.3,-165.04906900620244,0.0
bn,DFT-D2,0.66667,3.4,-165.04905213515428,0.0
bn,DFT-D2,0.66667,3.5,-165.0483232786624,0.0
bn,DFT-D2,0.66667,3.6,-165.0471944490751,0.0
bn,DFT-D2,0.66667,3.7,-165.04584303049762,0.0
bn,DFT-D2,0.66667,3.8,-165.04426541742362,0.0
bn,DFT-D2,0.66667,3.9,-165.04296685692842,0.0
bn,DFT-D2,0.66667,4.0,-165.0415521379061,0.0
bn,DFT-D2,0.66667,4.2,-165.0388909001299,0.0
bn,DFT-D2,0.66667,4.5,-165.03563859742658,0.0
bn,DFT-D2,0.66667,5.0,-165.03172665714868,0.0
bn,DFT-D2,0.66667,5.5,-165.02926776990776,0.0
bn,DFT-D2,0.66667,6.0,-165.02772267441853,0.0
bn,DFT-D2,0.66667,6.5,-165.0267243233408,0.0
bn,DFT-D2,0.66667,7.0,-165.0260682232441,0.0
bn,DFT-D2,0.66667,8.0,-165.0252967129329,0.0
bn,DFT-D2,0.66667,9.0,-165.02488738592976,0.0
bn,DFT-D2,0.66667,11.0,-165.02451533850078,0.0
bn,DFT-D3,0.0,2.6,-164.91737935266696,0.0
bn,DFT-D3,0.0,2.7,-164.94920502036717,0.0
bn,DFT-D3,0.0,2.8,-164.97262917819734,0.0
bn,DFT-D3,0.0,2.9,-164.98953128133107,0.0
bn,DFT-D3,0.0,3.0,-165.00136856655314,0.0
bn,DFT-D3,0.0,3.1,-165.00936221203105,0.0
bn,DFT-D3,0.0,3.2,-165.01450890214616,0.0
bn,DFT-D3,0.0,3.3,-165.0176155900165,0.0
bn,DFT-D3,0.0,3.4,-165.01930296694616,0.0
bn,DFT-D3,0.0,3.5,-165.02001413604884,0.0
bn,DFT-D3,0.0,3.6,-165.0200646131365,0.0
bn,DFT-D3,0.0,3.7,-165.0196554562044,0.0
bn,DFT-D3,0.0,3.8,-165.0189479946506,0.0
bn,DFT-D3,0.0,3.9,-165.0180302232364,0.0
bn,DFT-D3,0.0,4.0,-165.01698445634997,0.0
bn,DFT-D3,0.0,4.2,-165.01472798767273,0.0
bn,DFT-D3,0.0,4.5,-165.01152803283858,0.0
bn,DFT-D3,0.0,5.0,-165.00755418669848,0.0
bn,DFT-D3,0.0,5.5,-165.005137477078,0.0
bn,DFT-D3,0.0,6.0,-165.00372660166138,0.0
bn,DFT-D3,0.0,6.5,-165.00290376390728,0.0
bn,DFT-D3,0.0,7.0,-165.0024334494256,0.0
bn,DFT-D3,0.0,8.0,-165.00200827180063,0.0
bn,DFT-D3,0.0,9.0,-165.00185809906347,0.0
bn,DFT-D3,0.0,11.0,-165.00176353955968,0.0
bn,DFT-D3,0.16667,2.6,-164.9348165333382,0.0
bn,DFT-D3,0.16667,2.7,-164.9621507606647,0.0
bn,DFT-D3,0.16667,2.8,-164.98206625069076,0.0
bn,DFT-D3,0.16667,2.9,-164.99629919073735,0.0
bn,DFT-D3,0.16667,3.0,-165.00619072709063,0.0
bn,DFT-D3,0.16667,3.1,-165.0128240762822,0.0
bn,DFT-D3,0.16667,3.2,-165.01704877722105,0.0
bn,DFT-D3,0.16667,3.3,-165.0195200796486,0.0
bn,DFT-D3,0.16667,3.4,-165.0207476865017,0.0
bn,DFT-D3,0.16667,3.5,-165.02111170657713,0.0
bn,DFT-D3,0.16667,3.6,-165.0208836753133,0.0
bn,DFT-D3,0.16667,3.7,-165.0202642765492,0.0
bn,DFT-D3,0.16667,3.8,-165.01940007751574,0.0
bn,DFT-D3,0.16667,3.9,-165.0183067587637,0.0
bn,DFT-D3,0.16667,4.0,-165.0171632690519,0.0
bn,DFT-D3,0.16667,4.2,-165.01482693500964,0.0
bn,DFT-D3,0.16667,4.5,-165.01156374775908,0.0
bn,DFT-D3,0.16667,5.0,-165.00756190792416,0.0
bn,DFT-D3,0.16667,5.5,-165.00513802130533,0.0
bn,DFT-D3,0.16667,6.0,-165.0037269077893,0.0
bn,DFT-D3,0.16667,6.5,-165.00290362785046,0.0
bn,DFT-D3,0.16667,7.0,-165.0024306262462,0.0
bn,DFT-D3,0.16667,8.0,-165.00200691123223,0.0
bn,DFT-D3,0.16667,9.0,-165.00185843920556,0.0
bn,DFT-D3,0.16667,11.0,-165.00176309737492,0.0
bn,DFT-D3,0.33333,2.6,-164.95782279258432,0.0
bn,DFT-D3,0.33333,2.7,-164.97979668654273,0.0
bn,DFT-D3,0.33333,2.8,-164.99536801772442,0.0
bn,DFT-D3,0.33333,2.9,-165.00616351572265,0.0
bn,DFT-D3,0.33333,3.0,-165.0134151752236,0.0
bn,DFT-D3,0.33333,3.1,-165.01808648273973,0.0
bn,DFT-D3,0.33333,3.2,-165.0208915325958,0.0
bn,DFT-D3,0.33333,3.3,-165.02235070819057,0.0
bn,DFT-D3,0.33333,3.4,-165.02285173750388,0.0
bn,DFT-D3,0.33333,3.5,-165.02268006778604,0.0
bn,DFT-D3,0.33333,3.6,-165.02204855996317,0.0
bn,DFT-D3,0.33333,3.7,-165.02111442771394,0.0
bn,DFT-D3,0.33333,3.8,-165.01999814937014,0.0
bn,DFT-D3,0.33333,3.9,-165.018712548289,0.0
bn,DFT-D3,0.33333,4.0,-165.01748256044118,0.0
bn,DFT-D3,0.33333,4.2,-165.0149649306596,0.0
bn,DFT-D3,0.33333,4.5,-165.01160919074366,0.0
bn,DFT-D3,0.33333,5.0,-165.0075695611214,0.0
bn,DFT-D3,0.33333,5.5,-165.00513822539062,0.0
bn,DFT-D3,0.33333,6.0,-165.00372724793138,0.0
bn,DFT-D3,0.33333,6.5,-165.00290458024836,0.0
bn,DFT-D3,0.33333,7.0,-165.0024323609709,0.0
bn,DFT-D3,0.33333,8.0,-165.00200806771537,0.0
bn,DFT-D3,0.33333,9.0,-165.001857214694,0.0
bn,DFT-D3,0.33333,11.0,-165.00176374364491,0.0
bn,DFT-D3,0.66667,2.6,-164.90413700845818,0.0
bn,DFT-D3,0.66667,2.7,-164.93898762788209,0.0
bn,DFT-D3,0.66667,2.8,-164.96487091105263,0.0
bn,DFT-D3,0.66667,2.9,-164.98370828667854,0.0
bn,DFT-D3,0.66667,3.0,-164.9970795787574,0.0
bn,DFT-D3,0.66667,3.1,-165.0063013753158,0.0
bn,DFT-D3,0.66667,3.2,-165.01241985141056,0.0
bn,DFT-D3,0.66667,3.3,-165.01626042987587,0.0
bn,DFT-D3,0.66667,3.4,-165.0184683262612,0.0
bn,DFT-D3,0.66667,3.5,-165.01951984154914,0.0
bn,DFT-D3,0.66667,3.6,-165.01977678489146,0.0
bn,DFT-D3,0.66667,3.7,-165.01947902449712,0.0
bn,DFT-D3,0.66667,3.8,-165.01868244571313,0.0
bn,DFT-D3,0.66667,3.9,-165.01794477954087,0.0
bn,DFT-D3,0.66667,4.0,-165.01691652997258,0.0
bn,DFT-D3,0.66667,4.2,-165.01465985721012,0.0
bn,DFT-D3,0.66667,4.5,-165.01153102608905,0.0
bn,DFT-D3,0.66667,5.0,-165.00755636360793,0.0
bn,DFT-D3,0.66667,5.5,-165.0051378172201,0.0
bn,DFT-D3,0.66667,6.0,-165.00372755405928,0.0
bn,DFT-D3,0.66667,6.5,-165.00290352580782,0.0
bn,DFT-D3,0.66667,7.0,-165.00243317731193,0.0
bn,DFT-D3,0.66667,8.0,-165.00200847588587,0.0
bn,DFT-D3,0.66667,9.0,-165.00185701060877,0.0
bn,DFT-D3,0.66667,11.0,-165.00176217899127,0.0
bn,QMC,0.0,3.0,-164.83410387720454,0.0006768583864794
bn,QMC,0.0,3.2,-164.84684189989105,0.0005514807550353
bn,QMC,0.0,3.5,-164.85381585216254,0.0004739127365803
bn,QMC,0.0,3.7,-164.85350593551652,0.000425859609232
bn,QMC,0.0,4.0,-164.84937375003975,0.0005867627089476
bn,QMC,0.0,4.5,-164.84381488732984,0.0006542053909693
bn,QMC,0.0,5.5,-164.83870314207826,0.0004897336954172
bn,QMC,0.0,6.5,-164.8380910217658,0.0005341069132561
bn,QMC,0.16667,3.0,-164.84097983922294,0.0007991306869348
bn,QMC,0.16667,3.2,-164.85172310260032,0.0005179820090286
bn,QMC,0.16667,3.5,-164.85596163395434,0.00054396446783
bn,QMC,0.16667,3.7,-164.85245144412366,0.0004685979051326
bn,QMC,0.16667,4.0,-164.84920857705126,0.000677771300685
bn,QMC,0.16667,4.5,-164.84387195839955,0.0006097937417306
bn,QMC,0.16667,5.5,-164.8390799023334,0.0004850969048889
bn,QMC,0.16667,6.5,-164.83845817113058,0.0005443797769585
bn,QMC,0.16667,8.0,-164.837864031257,0.000415989921327
bn,QMC,0.33333,3.0,-164.85089993520154,0.0005339249918483
bn,QMC,0.33333,3.2,-164.85705321142817,0.0004769578411254
bn,QMC,0.33333,3.5,-164.85590252494654,0.0004652357823131
bn,QMC,0.33333,4.0,-164.84944122749664,0.0008926323647388
bn,QMC,0.33333,4.5,-164.84338747820095,0.000445528747043
bn,QMC,0.33333,5.5,-164.83911708061186,0.0006062330478392
bn,QMC,0.33333,6.5,-164.83860261237535,0.0004515231251938
bn,QMC,0.66667,3.0,-164.83101588112575,0.0006565152595769
bn,QMC,0.66667,3.2,-164.84780600404457,0.0005167555060416
bn,QMC,0.66667,3.5,-164.85262542400756,0.0004796385195214
bn,QMC,0.66667,4.0,-164.84830752333656,0.0004584892282733
bn,QMC,0.66667,4.5,-164.84434312528873,0.0004694302759965
bn,QMC,0.66667,5.5,-164.83868284167494,0.000566931505297
bn,QMC,0.66667,6.5,-164.8378976706571,0.0004173968178009
c2,DFT-D2,0.0,3.0,-154.90970278135342,0.0
c2,DFT-D2,0.0,3.2,-154.91444443314842,0.0
c2,DFT-D2,0.0,3.21,-154.91450371995262,0.0
c2,DFT-D2,0.0,3.22,-154.91454678196877,0.0
c2,DFT-D2,0.0,3.23,-154.9145745715953,0.0
c2,DFT-D2,0.0,3.24,-154.91458712284643,0.0
c2,DFT-D2,0.0,3.25,-154.9145838574803,0.0
c2,DFT-D2,0.0,3.26,-154.91456555782415,0.0
c2,DFT-D2,0.0,3.27,-154.91454035327916,0.0
c2,DFT-D2,0.0,3.28,-154.91451732564494,0.0
c2,DFT-D2,0.0,3.29,-154.9144886176342,0.0
c2,DFT-D2,0.0,3.3,-154.9144635151319,0.0
c2,DFT-D2,0.0,3.31,-154.9144331064096,0.0
c2,DFT-D2,0.0,3.32,-154.91439283356038,0.0
c2,DFT-D2,0.0,3.33,-154.91434102988694,0.0
c2,DFT-D2,0.0,3.34,-154.91427803553162,0.0
c2,DFT-D2,0.0,3.35,-154.91420497296394,0.0
c2,DFT-D2,0.0,3.36,-154.91412187619824,0.0
c2,DFT-D2,0.0,3.37,-154.9140278268502,0.0
c2,DFT-D2,0.0,3.38,-154.91392479774527,0.0
c2,DFT-D2,0.0,3.39,-154.91382176864033,0.0
c2,DFT-D2,0.0,3.4,-154.91372458998308,0.0
c2,DFT-D2,0.0,3.41,-154.9136269351266,0.0
c2,DFT-D2,0.0,3.42,-154.91353632121587,0.0
c2,DFT-D2,0.0,3.43,-154.91344291813823,0.0
c2,DFT-D2,0.0,3.44,-154.91334094347445,0.0
c2,DFT-D2,0.0,3.45,-154.91323063532414,0.0
c2,DFT-D2,0.0,3.46,-154.91311277601457,0.0
c2,DFT-D2,0.0,3.47,-154.91298831794427,0.0
c2,DFT-D2,0.0,3.48,-154.9128565128001,0.0
c2,DFT-D2,0.0,3.49,-154.91271688438286,0.0
c2,DFT-D2,0.0,3.5,-154.91257215383104,0.0
c2,DFT-D2,0.0,3.51,-154.9124336478834,0.0
c2,DFT-D2,0.0,3.52,-154.9123005501985,0.0
c2,DFT-D2,0.0,3.53,-154.91217167027818,0.0
c2,DFT-D2,0.0,3.54,-154.91205054560248,0.0
c2,DFT-D2,0.0,3.55,-154.91192615556062,0.0
c2,DFT-D2,0.0,3.56,-154.91179489464415,0.0
c2,DFT-D2,0.0,3.57,-154.91165761320886,0.0
c2,DFT-D2,0.0,3.58,-154.91151502555357,0.0
c2,DFT-D2,0.0,3.59,-154.91136723372094,0.0
c2,DFT-D2,0.0,3.6,-154.9112135234122,0.0
c2,DFT-D2,0.0,3.61,-154.91105284018613,0.0
c2,DFT-D2,0.0,3.62,-154.91089205491738,0.0
c2,DFT-D2,0.0,3.63,-154.91074123581822,0.0
c2,DFT-D2,0.0,3.64,-154.91059436236984,0.0
c2,DFT-D2,0.0,3.65,-154.91045602649336,0.0
c2,DFT-D2,0.0,3.66,-154.91032371113576,0.0
c2,DFT-D2,0.0,3.67,-154.9101882324547,0.0
c2,DFT-D2,0.0,3.68,-154.91004635909823,0.0
c2,DFT-D2,0.0,3.69,-154.90989979177797,0.0
c2,DFT-D2,0.0,3.7,-154.90974914274992,0.0
c2,DFT-D2,0.0,3.71,-154.9095941058862,0.0
c2,DFT-D2,0.0,3.72,-154.9094338648451,0.0
c2,DFT-D2,0.0,3.73,-154.90926896385443,0.0
c2,DFT-D2,0.0,3.74,-154.909107192173,0.0
c2,DFT-D2,0.0,3.75,-154.90895647511653,0.0
c2,DFT-D2,0.0,3.76,-154.90880932955432,0.0
c2,DFT-D2,0.0,3.77,-154.90867334065976,0.0
c2,DFT-D2,0.0,3.78,-154.9085406171314,0.0
c2,DFT-D2,0.0,3.79,-154.90840350576724,0.0
c2,DFT-D2,0.0,3.8,-154.90826159839654,0.0
c2,DFT-D2,0.0,4.0,-154.90539617156972,0.0
c2,DFT-D2,0.0,4.5,-154.89986158002745,0.0
c2,DFT-D2,0.0,5.0,-154.896279371316,0.0
c2,DFT-D2,0.0,6.0,-154.89275366024185,0.0
c2,DFT-D2,0.0,7.0,-154.8916151359102,0.0
c2,DFT-D2,0.16667,3.0,-154.9068352456443,0.0
c2,DFT-D2,0.16667,3.2,-154.91306464587808,0.0
c2,DFT-D2,0.16667,3.21,-154.9131686613957,0.0
c2,DFT-D2,0.16667,3.22,-154.9132564861395,0.0
c2,DFT-D2,0.16667,3.23,-154.91332900447946,0.0
c2,DFT-D2,0.16667,3.24,-154.9133867946575,0.0
c2,DFT-D2,0.16667,3.25,-154.9134294825171,0.0
c2,DFT-D2,0.16667,3.26,-154.91345897285515,0.0
c2,DFT-D2,0.16667,3.27,-154.9134785990663,0.0
c2,DFT-D2,0.16667,3.28,-154.9134937694132,0.0
c2,DFT-D2,0.16667,3.29,-154.91350121852977,0.0
c2,DFT-D2,0.16667,3.3,-154.9135048240382,0.0
c2,DFT-D2,0.16667,3.31,-154.91350196684283,0.0
c2,DFT-D2,0.16667,3.32,-154.91348863326436,0.0
c2,DFT-D2,0.16667,3.33,-154.91346448316054,0.0
c2,DFT-D2,0.16667,3.34,-154.91343074104364,0.0
c2,DFT-D2,0.16667,3.35,-154.91338778107018,0.0
c2,DFT-D2,0.16667,3.36,-154.9133357733114,0.0
c2,DFT-D2,0.16667,3.37,-154.91327481980986,0.0
c2,DFT-D2,0.16667,3.38,-154.91320573690723,0.0
c2,DFT-D2,0.16667,3.39,-154.9131335927238,0.0
c2,DFT-D2,0.16667,3.4,-154.91306131248345,0.0
c2,DFT-D2,0.16667,3.41,-154.91298600497657,0.0
c2,DFT-D2,0.16667,3.42,-154.9129115818397,0.0
c2,DFT-D2,0.16667,3.43,-154.91283304298088,0.0
c2,DFT-D2,0.16667,3.44,-154.91274770127595,0.0
c2,DFT-D2,0.16667,3.45,-154.91265593088136,0.0
c2,DFT-D2,0.16667,3.46,-154.91255813996796,0.0
c2,DFT-D2,0.16667,3.47,-154.9124544305784,0.0
c2,DFT-D2,0.16667,3.48,-154.91234463264155,0.0
c2,DFT-D2,0.16667,3.49,-154.9122293243993,0.0
c2,DFT-D2,0.16667,3.5,-154.912109730364,0.0
c2,DFT-D2,0.16667,3.51,-154.91199166696904,0.0
c2,DFT-D2,0.16667,3.52,-154.9118750321718,0.0
c2,DFT-D2,0.16667,3.53,-154.91175894160227,0.0
c2,DFT-D2,0.16667,3.54,-154.91164564019965,0.0
c2,DFT-D2,0.16667,3.55,-154.91152866526008,0.0
c2,DFT-D2,0.16667,3.56,-154.91140832291168,0.0
c2,DFT-D2,0.16667,3.57,-154.91128304849985,0.0
c2,DFT-D2,0.16667,3.58,-154.91115386245144,0.0
c2,DFT-D2,0.16667,3.59,-154.91102090082347,0.0
c2,DFT-D2,0.16667,3.6,-154.91088406157314,0.0
c2,DFT-D2,0.16667,3.61,-154.91074324265784,0.0
c2,DFT-D2,0.16667,3.62,-154.91060109718754,0.0
c2,DFT-D2,0.16667,3.63,-154.9104633735672,0.0
c2,DFT-D2,0.16667,3.64,-154.91032711255886,0.0
c2,DFT-D2,0.16667,3.65,-154.91019469515854,0.0
c2,DFT-D2,0.16667,3.66,-154.91006482882554,0.0
c2,DFT-D2,0.16667,3.67,-154.90993244543947,0.0
c2,DFT-D2,0.16667,3.68,-154.90979669464454,0.0
c2,DFT-D2,0.16667,3.69,-154.90965801862575,0.0
c2,DFT-D2,0.16667,3.7,-154.90951675752547,0.0
c2,DFT-D2,0.16667,3.71,-154.90937280930092,0.0
c2,DFT-D2,0.16667,3.72,-154.9092259018383,0.0
c2,DFT-D2,0.16667,3.73,-154.90907630725147,0.0
c2,DFT-D2,0.16667,3.74,-154.90892814126232,0.0
c2,DFT-D2,0.16667,3.75,-154.90878551959278,0.0
c2,DFT-D2,0.16667,3.76,-154.90864466666326,0.0
c2,DFT-D2,0.16667,3.77,-154.908509460096,0.0
c2,DFT-D2,0.16667,3.78,-154.90837585219765,0.0
c2,DFT-D2,0.16667,3.79,-154.9082399653458,0.0
c2,DFT-D2,0.16667,3.8,-154.9081015954551,0.0
c2,DFT-D2,0.16667,4.0,-154.90534069435935,0.0
c2,DFT-D2,0.16667,4.5,-154.89985705613478,0.0
c2,DFT-D2,0.16667,5.0,-154.89628818100178,0.0
c2,DFT-D2,0.16667,6.0,-154.892773286453,0.0
c2,DFT-D2,0.16667,7.0,-154.89162935385863,0.0
c2,DFT-D2,0.5,3.0,-154.90044808740828,0.0
c2,DFT-D2,0.5,3.2,-154.90942784432627,0.0
c2,DFT-D2,0.5,3.21,-154.90964240609384,0.0
c2,DFT-D2,0.5,3.22,-154.90983557291028,0.0
c2,DFT-D2,0.5,3.23,-154.91000989584288,0.0
c2,DFT-D2,0.5,3.24,-154.91016585109085,0.0
c2,DFT-D2,0.5,3.25,-154.91030190801385,0.0
c2,DFT-D2,0.5,3.26,-154.9104203115511,0.0
c2,DFT-D2,0.5,3.27,-154.9105263679226,0.0
c2,DFT-D2,0.5,3.28,-154.9106302473833,0.0
c2,DFT-D2,0.5,3.29,-154.91072528314402,0.0
c2,DFT-D2,0.5,3.3,-154.9108186522074,0.0
c2,DFT-D2,0.5,3.31,-154.91090610279468,0.0
c2,DFT-D2,0.5,3.32,-154.91097862113463,0.0
c2,DFT-D2,0.5,3.33,-154.91103460855845,0.0
c2,DFT-D2,0.5,3.34,-154.91107777261726,0.0
c2,DFT-D2,0.5,3.35,-154.91110841943916,0.0
c2,DFT-D2,0.5,3.36,-154.91112607282494,0.0
c2,DFT-D2,0.5,3.37,-154.91113042664648,0.0
c2,DFT-D2,0.5,3.38,-154.9111227394303,0.0
c2,DFT-D2,0.5,3.39,-154.91111219501877,0.0
c2,DFT-D2,0.5,3.4,-154.91110375948955,0.0
c2,DFT-D2,0.5,3.41,-154.91109192253725,0.0
c2,DFT-D2,0.5,3.42,-154.91108294278033,0.0
c2,DFT-D2,0.5,3.43,-154.91106981328727,0.0
c2,DFT-D2,0.5,3.44,-154.91104549311228,0.0
c2,DFT-D2,0.5,3.45,-154.91101073056845,0.0
c2,DFT-D2,0.5,3.46,-154.91096668213962,0.0
c2,DFT-D2,0.5,3.47,-154.91091361993966,0.0
c2,DFT-D2,0.5,3.48,-154.91085120382624,0.0
c2,DFT-D2,0.5,3.49,-154.91077929774244,0.0
c2,DFT-D2,0.5,3.5,-154.91069997655632,0.0
c2,DFT-D2,0.5,3.51,-154.91062453299253,0.0
c2,DFT-D2,0.5,3.52,-154.91055221873793,0.0
c2,DFT-D2,0.5,3.53,-154.9104819453372,0.0
c2,DFT-D2,0.5,3.54,-154.91041663801417,0.0
c2,DFT-D2,0.5,3.55,-154.91034650067036,0.0
c2,DFT-D2,0.5,3.56,-154.91026813188273,0.0
c2,DFT-D2,0.5,3.57,-154.91018217792163,0.0
c2,DFT-D2,0.5,3.58,-154.9100895911855,0.0
c2,DFT-D2,0.5,3.59,-154.90999043970288,0.0
c2,DFT-D2,0.5,3.6,-154.90988411121754,0.0
c2,DFT-D2,0.5,3.61,-154.90977043565837,0.0
c2,DFT-D2,0.5,3.62,-154.90965437910307,0.0
c2,DFT-D2,0.5,3.63,-154.90954614582083,0.0
c2,DFT-D2,0.5,3.64,-154.9094402595205,0.0
c2,DFT-D2,0.5,3.65,-154.90934100599517,0.0
c2,DFT-D2,0.5,3.66,-154.90924593622023,0.0
c2,DFT-D2,0.5,3.67,-154.90914603642452,0.0
c2,DFT-D2,0.5,3.68,-154.9090396399107,0.0
c2,DFT-D2,0.5,3.69,-154.90892763104887,0.0
c2,DFT-D2,0.5,3.7,-154.90881058808085,0.0
c2,DFT-D2,0.5,3.71,-154.90868834093553,0.0
c2,DFT-D2,0.5,3.72,-154.90856017531408,0.0
c2,DFT-D2,0.5,3.73,-154.9084266014299,0.0
c2,DFT-D2,0.5,3.74,-154.90829489832845,0.0
c2,DFT-D2,0.5,3.75,-154.90817265118312,0.0
c2,DFT-D2,0.5,3.76,-154.90805275101974,0.0
c2,DFT-D2,0.5,3.77,-154.90794244286943,0.0
c2,DFT-D2,0.5,3.78,-154.90783427761565,0.0
c2,DFT-D2,0.5,3.79,-154.90772118029838,0.0
c2,DFT-D2,0.5,3.8,-154.9076028447896,0.0
c2,DFT-D2,0.5,4.0,-154.90507776435567,0.0
c2,DFT-D2,0.5,4.5,-154.89981348390518,0.0
c2,DFT-D2,0.5,5.0,-154.8962748134091,0.0
c2,DFT-D2,0.5,6.0,-154.89275675553685,0.0
c2,DFT-D2,0.5,7.0,-154.89161751690634,0.0
c2,DFT-D2,0.66667,3.0,-154.88775482684812,0.0
c2,DFT-D2,0.66667,3.2,-154.90205798094968,0.0
c2,DFT-D2,0.66667,3.21,-154.90254135718286,0.0
c2,DFT-D2,0.66667,3.22,-154.9029937124376,0.0
c2,DFT-D2,0.66667,3.23,-154.90341661136853,0.0
c2,DFT-D2,0.66667,3.24,-154.90381090433138,0.0
c2,DFT-D2,0.66667,3.25,-154.9041758770273,0.0
c2,DFT-D2,0.66667,3.26,-154.90451435263753,0.0
c2,DFT-D2,0.66667,3.27,-154.90483296393694,0.0
c2,DFT-D2,0.66667,3.28,-154.90514215329446,0.0
c2,DFT-D2,0.66667,3.29,-154.9054351178639,0.0
c2,DFT-D2,0.66667,3.3,-154.9057197149326,0.0
c2,DFT-D2,0.66667,3.31,-154.90599043419513,0.0
c2,DFT-D2,0.66667,3.32,-154.90623941836424,0.0
c2,DFT-D2,0.66667,3.33,-154.9064664973687,0.0
c2,DFT-D2,0.66667,3.34,-154.9066733379059,0.0
c2,DFT-D2,0.66667,3.35,-154.90686096040272,0.0
c2,DFT-D2,0.66667,3.36,-154.9070296029588,0.0
c2,DFT-D2,0.66667,3.37,-154.90717902747446,0.0
c2,DFT-D2,0.66667,3.38,-154.90731100268977,0.0
c2,DFT-D2,0.66667,3.39,-154.90743522266047,0.0
c2,DFT-D2,0.66667,3.4,-154.90755729973463,0.0
c2,DFT-D2,0.66667,3.41,-154.9076715195215,0.0
c2,DFT-D2,0.66667,3.42,-154.90778550120874,0.0
c2,DFT-D2,0.66667,3.43,-154.907889754826,0.0
c2,DFT-D2,0.66667,3.44,-154.90797877006784,0.0
c2,DFT-D2,0.66667,3.45,-154.90805288707665,0.0
c2,DFT-D2,0.66667,3.46,-154.90811356846433,0.0
c2,DFT-D2,0.66667,3.47,-154.90816115437315,0.0
c2,DFT-D2,0.66667,3.48,-154.9081956107889,0.0
c2,DFT-D2,0.66667,3.49,-154.9082165295408,0.0
c2,DFT-D2,0.66667,3.5,-154.90822710796655,0.0
c2,DFT-D2,0.66667,3.51,-154.908238672805,0.0
c2,DFT-D2,0.66667,3.52,-154.90825040771463,0.0
c2,DFT-D2,0.66667,3.53,-154.90826136029693,0.0
c2,DFT-D2,0.66667,3.54,-154.90827523810307,0.0
c2,DFT-D2,0.66667,3.55,-154.90828132665038,0.0
c2,DFT-D2,0.66667,3.56,-154.90827625853,0.0
c2,DFT-D2,0.66667,3.57,-154.90826102015464,0.0
c2,DFT-D2,0.66667,3.58,-154.90823618976617,0.0
c2,DFT-D2,0.66667,3.59,-154.90820234560658,0.0
c2,DFT-D2,0.66667,3.6,-154.9081585692916,0.0
c2,DFT-D2,0.66667,3.61,-154.90810489483547,0.0
c2,DFT-D2,0.66667,3.62,-154.90804666247243,0.0
c2,DFT-D2,0.66667,3.63,-154.90799499485593,0.0
c2,DFT-D2,0.66667,3.64,-154.90794380343866,0.0
c2,DFT-D2,0.66667,3.65,-154.90789802028408,0.0
c2,DFT-D2,0.66667,3.66,-154.9078550262964,0.0
c2,DFT-D2,0.66667,3.67,-154.9078050253772,0.0
c2,DFT-D2,0.66667,3.68,-154.9077463848434,0.0
c2,DFT-D2,0.66667,3.69,-154.9076802611788,0.0
c2,DFT-D2,0.66667,3.7,-154.90760730065384,0.0
c2,DFT-D2,0.66667,3.71,-154.90752729918313,0.0
c2,DFT-D2,0.66667,3.72,-154.90743954246778,0.0
c2,DFT-D2,0.66667,3.73,-154.90734464276397,0.0
c2,DFT-D2,0.66667,3.74,-154.9072504233448,0.0
c2,DFT-D2,0.66667,3.75,-154.90716508163987,0.0
c2,DFT-D2,0.66667,3.76,-154.90708096444723,0.0
c2,DFT-D2,0.66667,3.77,-154.90700589503996,0.0
c2,DFT-D2,0.66667,3.78,-154.90693188007384,0.0
c2,DFT-D2,0.66667,3.79,-154.90685147043234,0.0
c2,DFT-D2,0.66667,3.8,-154.9067643599874,0.0
c2,DFT-D2,0.66667,4.0,-154.90467034189973,0.0
c2,DFT-D2,0.66667,4.5,-154.89975076166368,0.0
c2,DFT-D2,0.66667,5.0,-154.89626511935333,0.0
c2,DFT-D2,0.66667,6.0,-154.89275379629876,0.0
c2,DFT-D2,0.66667,7.0,-154.89161520393864,0.0
c2,DFT-D3,0.0,3.0,-154.872893941405,0.0
c2,DFT-D3,0.0,3.2,-154.88430762061856,0.0
c2,DFT-D3,0.0,3.21,-154.88465225280453,0.0
c2,DFT-D3,0.0,3.22,-154.88497549003932,0.0
c2,DFT-D3,0.0,3.23,-154.8852783527499,0.0
c2,DFT-D3,0.0,3.24,-154.88556087495053,0.0
c2,DFT-D3,0.0,3.25,-154.8858229886127,0.0
c2,DFT-D3,0.0,3.26,-154.88606445563678,0.0
c2,DFT-D3,0.0,3.27,-154.8862938816232,0.0
c2,DFT-D3,0.0,3.28,-154.88652048442844,0.0
c2,DFT-D3,0.0,3.29,-154.88673637275102,0.0
c2,DFT-D3,0.0,3.3,-154.88695093451858,0.0
c2,DFT-D3,0.0,3.31,-154.8871552580027,0.0
c2,DFT-D3,0.0,3.32,-154.88734485332492,0.0
c2,DFT-D3,0.0,3.33,-154.88751812181636,0.0
c2,DFT-D3,0.0,3.34,-154.88767543763356,0.0
c2,DFT-D3,0.0,3.35,-154.88781802528888,0.0
c2,DFT-D3,0.0,3.36,-154.88794595281072,0.0
c2,DFT-D3,0.0,3.37,-154.88805833582913,0.0
c2,DFT-D3,0.0,3.38,-154.88815728322638,0.0
c2,DFT-D3,0.0,3.39,-154.88825180877365,0.0
c2,DFT-D3,0.0,3.4,-154.88834783094703,0.0
c2,DFT-D3,0.0,3.41,-154.8884390911281,0.0
c2,DFT-D3,0.0,3.42,-154.8885331744904,0.0
c2,DFT-D3,0.0,3.43,-154.8886203529638,0.0
c2,DFT-D3,0.0,3.44,-154.88869484412913,0.0
c2,DFT-D3,0.0,3.45,-154.88875702214295,0.0
c2,DFT-D3,0.0,3.46,-154.88880766933255,0.0
c2,DFT-D3,0.0,3.47,-154.8888478741533,0.0
c2,DFT-D3,0.0,3.48,-154.88887665019251,0.0
c2,DFT-D3,0.0,3.49,-154.8888941335071,0.0
c2,DFT-D3,0.0,3.5,-154.88890280713596,0.0
c2,DFT-D3,0.0,3.51,-154.8889140998606,0.0
c2,DFT-D3,0.0,3.52,-154.88892821576633,0.0
c2,DFT-D3,0.0,3.53,-154.888942025544,0.0
c2,DFT-D3,0.0,3.54,-154.88896018914323,0.0
c2,DFT-D3,0.0,3.55,-154.8889716859532,0.0
c2,DFT-D3,0.0,3.56,-154.888972978494,0.0
c2,DFT-D3,0.0,3.57,-154.88896478106437,0.0
c2,DFT-D3,0.0,3.58,-154.88894821613405,0.0
c2,DFT-D3,0.0,3.59,-154.88892324968862,0.0
c2,DFT-D3,0.0,3.6,-154.88888926947212,0.0
c2,DFT-D3,0.0,3.61,-154.88884518702906,0.0
c2,DFT-D3,0.0,3.62,-154.8887979752768,0.0
c2,DFT-D3,0.0,3.63,-154.88875777045604,0.0
c2,DFT-D3,0.0,3.64,-154.88871851803376,0.0
c2,DFT-D3,0.0,3.65,-154.88868487795952,0.0
c2,DFT-D3,0.0,3.66,-154.88865443522303,0.0
c2,DFT-D3,0.0,3.67,-154.8886179379534,0.0
c2,DFT-D3,0.0,3.68,-154.88857229085576,0.0
c2,DFT-D3,0.0,3.69,-154.88852048718232,0.0
c2,DFT-D3,0.0,3.7,-154.88846058812197,0.0
c2,DFT-D3,0.0,3.71,-154.88839364811585,0.0
c2,DFT-D3,0.0,3.72,-154.88831888483665,0.0
c2,DFT-D3,0.0,3.73,-154.8882368425121,0.0
c2,DFT-D3,0.0,3.74,-154.88815561652908,0.0
c2,DFT-D3,0.0,3.75,-154.88808269001834,0.0
c2,DFT-D3,0.0,3.76,-154.888010851963,0.0
c2,DFT-D3,0.0,3.77,-154.88794772155072,0.0
c2,DFT-D3,0.0,3.78,-154.88788547550843,0.0
c2,DFT-D3,0.0,3.79,-154.88781646063424,0.0
c2,DFT-D3,0.0,3.8,-154.88774030277162,0.0
c2,DFT-D3,0.0,4.0,-154.88575791938928,0.0
c2,DFT-D3,0.0,4.5,-154.8803485682446,0.0
c2,DFT-D3,0.0,5.0,-154.87628345949923,0.0
c2,DFT-D3,0.0,6.0,-154.87238675521027,0.0
c2,DFT-D3,0.0,7.0,-154.87120652943173,0.0
c2,DFT-D3,0.16667,3.0,-154.86996065618783,0.0
c2,DFT-D3,0.16667,3.2,-154.88283752556555,0.0
c2,DFT-D3,0.16667,3.21,-154.883232056628,0.0
c2,DFT-D3,0.16667,3.22,-154.88360529478203,0.0
c2,DFT-D3,0.16667,3.23,-154.88395809038337,0.0
c2,DFT-D3,0.16667,3.24,-154.8842910897024,0.0
c2,DFT-D3,0.16667,3.25,-154.88460374851147,0.0
c2,DFT-D3,0.16667,3.26,-154.8848980056217,0.0
c2,DFT-D3,0.16667,3.27,-154.8851772284419,0.0
c2,DFT-D3,0.16667,3.28,-154.88544682523485,0.0
c2,DFT-D3,0.16667,3.29,-154.88570373471967,0.0
c2,DFT-D3,0.16667,3.3,-154.88595149437646,0.0
c2,DFT-D3,0.16667,3.31,-154.88618772320902,0.0
c2,DFT-D3,0.16667,3.32,-154.88640857760927,0.0
c2,DFT-D3,0.16667,3.33,-154.88661347933532,0.0
c2,DFT-D3,0.16667,3.34,-154.88680385698484,0.0
c2,DFT-D3,0.16667,3.35,-154.88698011872856,0.0
c2,DFT-D3,0.16667,3.36,-154.88714257069464,0.0
c2,DFT-D3,0.16667,3.37,-154.88729165506803,0.0
c2,DFT-D3,0.16667,3.38,-154.88742760994833,0.0
c2,DFT-D3,0.16667,3.39,-154.88755584359828,0.0
c2,DFT-D3,0.16667,3.4,-154.8876797914551,0.0
c2,DFT-D3,0.16667,3.41,-154.88779588202468,0.0
c2,DFT-D3,0.16667,3.42,-154.8879084351142,0.0
c2,DFT-D3,0.16667,3.43,-154.88801255267452,0.0
c2,DFT-D3,0.16667,3.44,-154.88810561560985,0.0
c2,DFT-D3,0.16667,3.45,-154.88818806610522,0.0
c2,DFT-D3,0.16667,3.46,-154.88826038035978,0.0
c2,DFT-D3,0.16667,3.47,-154.8883227964732,0.0
c2,DFT-D3,0.16667,3.48,-154.8883753484597,0.0
c2,DFT-D3,0.16667,3.49,-154.8884182744189,0.0
c2,DFT-D3,0.16667,3.5,-154.88845303696274,0.0
c2,DFT-D3,0.16667,3.51,-154.88848558858157,0.0
c2,DFT-D3,0.16667,3.52,-154.88851589526118,0.0
c2,DFT-D3,0.16667,3.53,-154.88854314066,0.0
c2,DFT-D3,0.16667,3.54,-154.88856960373153,0.0
c2,DFT-D3,0.16667,3.55,-154.88858888980036,0.0
c2,DFT-D3,0.16667,3.56,-154.88860140703727,0.0
c2,DFT-D3,0.16667,3.57,-154.88860555677343,0.0
c2,DFT-D3,0.16667,3.58,-154.88860246147843,0.0
c2,DFT-D3,0.16667,3.59,-154.88859239326612,0.0
c2,DFT-D3,0.16667,3.6,-154.88857518206538,0.0
c2,DFT-D3,0.16667,3.61,-154.88855082787614,0.0
c2,DFT-D3,0.16667,3.62,-154.8885224600077,0.0
c2,DFT-D3,0.16667,3.63,-154.88849497650926,0.0
c2,DFT-D3,0.16667,3.64,-154.88846603039892,0.0
c2,DFT-D3,0.16667,3.65,-154.88843810471545,0.0
c2,DFT-D3,0.16667,3.66,-154.88840963480433,0.0
c2,DFT-D3,0.16667,3.67,-154.88837582465894,0.0
c2,DFT-D3,0.16667,3.68,-154.88833568786666,0.0
c2,DFT-D3,0.16667,3.69,-154.88829000675477,0.0
c2,DFT-D3,0.16667,3.7,-154.8882389513944,0.0
c2,DFT-D3,0.16667,3.71,-154.88818258981405,0.0
c2,DFT-D3,0.16667,3.72,-154.88812054785717,0.0
c2,DFT-D3,0.16667,3.73,-154.8880534377799,0.0
c2,DFT-D3,0.16667,3.74,-154.88798500114763,0.0
c2,DFT-D3,0.16667,3.75,-154.8879195917819,0.0
c2,DFT-D3,0.16667,3.76,-154.88785350213155,0.0
c2,DFT-D3,0.16667,3.77,-154.88779040573348,0.0
c2,DFT-D3,0.16667,3.78,-154.88772707123584,0.0
c2,DFT-D3,0.16667,3.79,-154.88765873664627,0.0
c2,DFT-D3,0.16667,3.8,-154.88758557203593,0.0
c2,DFT-D3,0.16667,4.0,-154.88570159182314,0.0
c2,DFT-D3,0.16667,4.5,-154.88034281983963,0.0
c2,DFT-D3,0.16667,5.0,-154.876292269185,0.0
c2,DFT-D3,0.16667,6.0,-154.87240576916528,0.0
c2,DFT-D3,0.16667,7.0,-154.8712208834371,0.0
c2,DFT-D3,0.5,3.0,-154.86377234514478,0.0
c2,DFT-D3,0.5,3.2,-154.87921211878106,0.0
c2,DFT-D3,0.5,3.21,-154.8797160396096,0.0
c2,DFT-D3,0.5,3.22,-154.88019387152318,0.0
c2,DFT-D3,0.5,3.23,-154.88064809756062,0.0
c2,DFT-D3,0.5,3.24,-154.88107922793537,0.0
c2,DFT-D3,0.5,3.25,-154.88148535785055,0.0
c2,DFT-D3,0.5,3.26,-154.88186890231648,0.0
c2,DFT-D3,0.5,3.27,-154.88223506551049,0.0
c2,DFT-D3,0.5,3.28,-154.88259405170183,0.0
c2,DFT-D3,0.5,3.29,-154.88293922811548,0.0
c2,DFT-D3,0.5,3.3,-154.88327763569723,0.0
c2,DFT-D3,0.5,3.31,-154.88360509069665,0.0
c2,DFT-D3,0.5,3.32,-154.88391295349916,0.0
c2,DFT-D3,0.5,3.33,-154.88419901317977,0.0
c2,DFT-D3,0.5,3.34,-154.88446731743193,0.0
c2,DFT-D3,0.5,3.35,-154.8847181723837,0.0
c2,DFT-D3,0.5,3.36,-154.8849512378928,0.0
c2,DFT-D3,0.5,3.37,-154.88516620783113,0.0
c2,DFT-D3,0.5,3.38,-154.88536444276795,0.0
c2,DFT-D3,0.5,3.39,-154.88555509253132,0.0
c2,DFT-D3,0.5,3.4,-154.88574370144082,0.0
c2,DFT-D3,0.5,3.41,-154.88592394284956,0.0
c2,DFT-D3,0.5,3.42,-154.886102517561,0.0
c2,DFT-D3,0.5,3.43,-154.88627258871475,0.0
c2,DFT-D3,0.5,3.44,-154.88642711536505,0.0
c2,DFT-D3,0.5,3.45,-154.8865669138534,0.0
c2,DFT-D3,0.5,3.46,-154.88669324270646,0.0
c2,DFT-D3,0.5,3.47,-154.88680644206636,0.0
c2,DFT-D3,0.5,3.48,-154.88690651193323,0.0
c2,DFT-D3,0.5,3.49,-154.88699280603666,0.0
c2,DFT-D3,0.5,3.5,-154.8870677734012,0.0
c2,DFT-D3,0.5,3.51,-154.8871428428085,0.0
c2,DFT-D3,0.5,3.52,-154.88721723193115,0.0
c2,DFT-D3,0.5,3.53,-154.88728998837072,0.0
c2,DFT-D3,0.5,3.54,-154.88736403735106,0.0
c2,DFT-D3,0.5,3.55,-154.88742975284487,0.0
c2,DFT-D3,0.5,3.56,-154.88748366540062,0.0
c2,DFT-D3,0.5,3.57,-154.88752662537405,0.0
c2,DFT-D3,0.5,3.58,-154.88755955114942,0.0
c2,DFT-D3,0.5,3.59,-154.8875825447694,0.0
c2,DFT-D3,0.5,3.6,-154.88759513003478,0.0
c2,DFT-D3,0.5,3.61,-154.88759720490285,0.0
c2,DFT-D3,0.5,3.62,-154.88759390552246,0.0
c2,DFT-D3,0.5,3.63,-154.88759513003478,0.0
c2,DFT-D3,0.5,3.64,-154.88759567426246,0.0
c2,DFT-D3,0.5,3.65,-154.8876002321694,0.0
c2,DFT-D3,0.5,3.66,-154.88760570846054,0.0
c2,DFT-D3,0.5,3.67,-154.8876034635213,0.0
c2,DFT-D3,0.5,3.68,-154.88759183065437,0.0
c2,DFT-D3,0.5,3.69,-154.88757189831517,0.0
c2,DFT-D3,0.5,3.7,-154.88754417671709,0.0
c2,DFT-D3,0.5,3.71,-154.8875085638175,0.0
c2,DFT-D3,0.5,3.72,-154.887464413346,0.0
c2,DFT-D3,0.5,3.73,-154.88741250762988,0.0
c2,DFT-D3,0.5,3.74,-154.88735968352952,0.0
c2,DFT-D3,0.5,3.75,-154.887313764318,0.0
c2,DFT-D3,0.5,3.76,-154.8872677430638,0.0
c2,DFT-D3,0.5,3.77,-154.88722832057036,0.0
c2,DFT-D3,0.5,3.78,-154.88718947631884,0.0
c2,DFT-D3,0.5,3.79,-154.8871431149223,0.0
c2,DFT-D3,0.5,3.8,-154.88708920236658,0.0
c2,DFT-D3,0.5,4.0,-154.8854318589733,0.0
c2,DFT-D3,0.5,4.5,-154.88029683259967,0.0
c2,DFT-D3,0.5,5.0,-154.8762787655354,0.0
c2,DFT-D3,0.5,6.0,-154.87238951036298,0.0
c2,DFT-D3,0.5,7.0,-154.87120908049903,0.0
c2,DFT-D3,0.66667,3.0,-154.85146058819674,0.0
c2,DFT-D3,0.66667,3.2,-154.8719628698667,0.0
c2,DFT-D3,0.66667,3.21,-154.87272904041433,0.0
c2,DFT-D3,0.66667,3.22,-154.87346000623313,0.0
c2,DFT-D3,0.66667,3.23,-154.87415729796354,0.0
c2,DFT-D3,0.66667,3.24,-154.87482166391854,0.0
c2,DFT-D3,0.66667,3.25,-154.87545327416933,0.0
c2,DFT-D3,0.66667,3.26,-154.8760527749863,0.0
c2,DFT-D3,0.66667,3.27,-154.8766277855571,0.0
c2,DFT-D3,0.66667,3.28,-154.87718874825066,0.0
c2,DFT-D3,0.66667,3.29,-154.87772875817802,0.0
c2,DFT-D3,0.66667,3.3,-154.87825563861236,0.0
c2,DFT-D3,0.66667,3.31,-154.87876387924825,0.0
c2,DFT-D3,0.66667,3.32,-154.8792455887841,0.0
c2,DFT-D3,0.66667,3.33,-154.8797006651773,0.0
c2,DFT-D3,0.66667,3.34,-154.88013067308245,0.0
c2,DFT-D3,0.66667,3.35,-154.88053673496913,0.0
c2,DFT-D3,0.66667,3.36,-154.88091912295124,0.0
c2,DFT-D3,0.66667,3.37,-154.88127753090066,0.0
c2,DFT-D3,0.66667,3.38,-154.88161386361432,0.0
c2,DFT-D3,0.66667,3.39,-154.8819378491622,0.0
c2,DFT-D3,0.66667,3.4,-154.8822550998924,0.0
c2,DFT-D3,0.66667,3.41,-154.8825599694426,0.0
c2,DFT-D3,0.66667,3.42,-154.8828601790432,0.0
c2,DFT-D3,0.66667,3.43,-154.8831462047096,0.0
c2,DFT-D3,0.66667,3.44,-154.8834126721933,0.0
c2,DFT-D3,0.66667,3.45,-154.8836600236793,0.0
c2,DFT-D3,0.66667,3.46,-154.8838896877653,0.0
c2,DFT-D3,0.66667,3.47,-154.88410210663636,0.0
c2,DFT-D3,0.66667,3.48,-154.8842968721216,0.0
c2,DFT-D3,0.66667,3.49,-154.88447456246303,0.0
c2,DFT-D3,0.66667,3.5,-154.88463800084185,0.0
c2,DFT-D3,0.66667,3.51,-154.88479854801096,0.0
c2,DFT-D3,0.66667,3.52,-154.88495593185664,0.0
c2,DFT-D3,0.66667,3.53,-154.88510838363885,0.0
c2,DFT-D3,0.66667,3.54,-154.885260087108,0.0
c2,DFT-D3,0.66667,3.55,-154.88540042982407,0.0
c2,DFT-D3,0.66667,3.56,-154.88552607839247,0.0
c2,DFT-D3,0.66667,3.57,-154.88563761105513,0.0
c2,DFT-D3,0.66667,3.58,-154.88573669450926,0.0
c2,DFT-D3,0.66667,3.59,-154.88582339678345,0.0
c2,DFT-D3,0.66667,3.6,-154.88589696956458,0.0
c2,DFT-D3,0.66667,3.61,-154.88595741285263,0.0
c2,DFT-D3,0.66667,3.62,-154.88601013491026,0.0
c2,DFT-D3,0.66667,3.63,-154.88606639444797,0.0
c2,DFT-D3,0.66667,3.64,-154.88612006890406,0.0
c2,DFT-D3,0.66667,3.65,-154.88617619238482,0.0
c2,DFT-D3,0.66667,3.66,-154.88623217980862,0.0
c2,DFT-D3,0.66667,3.67,-154.88627833711973,0.0
c2,DFT-D3,0.66667,3.68,-154.8863130316351,0.0
c2,DFT-D3,0.66667,3.69,-154.88633840625124,0.0
c2,DFT-D3,0.66667,3.7,-154.88635330448432,0.0
c2,DFT-D3,0.66667,3.71,-154.88635854267585,0.0
c2,DFT-D3,0.66667,3.72,-154.886353406527,0.0
c2,DFT-D3,0.66667,3.73,-154.88633854230818,0.0
c2,DFT-D3,0.66667,3.74,-154.88632235153432,0.0
c2,DFT-D3,0.66667,3.75,-154.88631211325088,0.0
c2,DFT-D3,0.66667,3.76,-154.8863006164409,0.0
c2,DFT-D3,0.66667,3.77,-154.88629582043436,0.0
c2,DFT-D3,0.66667,3.78,-154.88628973188705,0.0
c2,DFT-D3,0.66667,3.79,-154.88627500372513,0.0
c2,DFT-D3,0.66667,3.8,-154.88625126179207,0.0
c2,DFT-D3,0.66667,4.0,-154.88501256555082,0.0
c2,DFT-D3,0.66667,4.5,-154.88023074294932,0.0
c2,DFT-D3,0.66667,5.0,-154.87626849323772,0.0
c2,DFT-D3,0.66667,6.0,-154.8723868912672,0.0
c2,DFT-D3,0.66667,7.0,-154.8712072777448,0.0
c2,QMC,0.0,3.0,-154.59838848903811,0.0003284085896175
c2,QMC,0.0,3.2,-154.60879649078777,0.000277668991492
c2,QMC,0.0,3.35,-154.61211861440316,0.0002642673144253
c2,QMC,0.0,3.5,-154.61277175921708,0.0002820402544531
c2,QMC,0.0,3.65,-154.6110031845091,0.0003739039965849
c2,QMC,0.0,3.8,-154.60876030131882,0.0002301635578443
c2,QMC,0.0,4.0,-154.60656528104167,0.0002780404834707
c2,QMC,0.0,4.5,-154.5999996531767,0.0002557938474963
c2,QMC,0.0,5.0,-154.59614921457785,0.0002352767101463
c2,QMC,0.0,6.0,-154.59333316076618,0.0002174740754617
c2,QMC,0.0,7.0,-154.59241534588855,0.0002212227707233
c2,QMC,0.16667,3.0,-154.5951880457248,0.0001449699432391
c2,QMC,0.16667,3.2,-154.6079587093246,0.0001745750961273
c2,QMC,0.16667,3.35,-154.611276151179,0.0001467577380971
c2,QMC,0.16667,3.5,-154.61225852040766,0.0001636616839839
c2,QMC,0.16667,3.65,-154.61120926300595,0.0001936176608932
c2,QMC,0.16667,3.8,-154.60898703807416,0.0002624834992686
c2,QMC,0.16667,4.0,-154.60606709529716,0.0001524851598764
c2,QMC,0.16667,4.5,-154.59997426820684,0.0001967509135933
c2,QMC,0.16667,5.0,-154.5957932721535,0.0001811920852881
c2,QMC,0.16667,6.0,-154.59303887491706,0.0001709368566696
c2,QMC,0.16667,7.0,-154.59196947063657,0.0001522617967832
c2,QMC,0.5,3.0,-154.58698702200311,0.0002839309666854
c2,QMC,0.5,3.2,-154.60295227069872,0.0002119590097386
c2,QMC,0.5,3.35,-154.6079086097125,0.0002741314913113
c2,QMC,0.5,3.5,-154.60965712755137,0.0002712241272906
c2,QMC,0.5,3.65,-154.6099992764896,0.0002740886824627
c2,QMC,0.5,3.8,-154.60837891748778,0.000216771877163
c2,QMC,0.5,4.0,-154.60597551888904,0.0002292337966626
c2,QMC,0.5,4.5,-154.5997248003485,0.0002388315661657
c2,QMC,0.5,5.0,-154.596075918088,0.0003318745650588
c2,QMC,0.5,6.0,-154.59309426914064,0.0002056364721297
c2,QMC,0.5,7.0,-154.59225565395343,0.0002147588216028
c2,QMC,0.66667,3.0,-154.5701654197655,0.0002029173952334
c2,QMC,0.66667,3.2,-154.59443626430811,0.0004064732931104
c2,QMC,0.66667,3.35,-154.60341023142945,0.0002437113138212
c2,QMC,0.66667,3.5,-154.60700151782018,0.0002878172604445
c2,QMC,0.66667,3.65,-154.60822187242442,0.0003042091211104
c2,QMC,0.66667,3.8,-154.60707220882833,0.0002249770584902
c2,QMC,0.66667,4.0,-154.605340485528,0.00037086559148
c2,QMC,0.66667,4.5,-154.6000980158751,0.0002508774695371
c2,QMC,0.66667,5.0,-154.5959313456857,0.0002775729330302
c2,QMC,0.66667,6.0,-154.59326985859062,0.0002369961091182
c2,QMC,0.66667,7.0,-154.5917503407324,0.000318799633055
